id,name,address,city,state,zip,lat,lon,phone,revenue,utilization,location
3e43d1f2-47b3-3319-a5e2-39efaddaa57a,BBH PBMC  LLC,701 PRINCETON AVE SW,BIRMINGHAM,AL,352111303,33.4985462,-86.8447172,2057833000,0.0,131,POINT(-86.8447172 33.4985462)
b1a55794-9542-3f9c-9919-557461a6f52d,POARCH BAND OF CREEK INDIANS,429 BUFORD L ROLIN DR,ATMORE,AL,365025025,31.0237921,-87.4938708,2513689136,0.0,108,POINT(-87.4938708 31.0237921)
0454e1bb-e719-3658-a9ae-be3b88455c92,ENTERPRISE HEALTH & REHABILITATION CENTER,300 PLAZA DRIVE,ENTERPRISE,AL,363303311,31.267787,-85.812626,3343479541,0.0,2,POINT(-85.812626 31.267787)
d7e99834-9914-36bc-ad1f-e9b2ae9891ff,CHELSEA URGENT CARE,15582 HWY 280,CHELSEA,AL,350438359,33.357650500000005,-86.65786878409091,2056783924,0.0,2,POINT(-86.65786878409091 33.357650500000005)
9b06438b-9cca-3894-9779-8352b675a166,GENEVA COUNTY HEALTHCARE AUTHORITY INC,1200 W MAPLE AVE,GENEVA,AL,363401642,31.0489116,-85.89202133403035,3346843655,0.0,29,POINT(-85.89202133403035 31.0489116)
e1878b34-b375-3b55-8b16-72ca5b23e2a8,HEALTH SERVICES INC,2801 WILLENA AVE,MONTGOMERY,AL,361071055,32.398911,-86.278553,3344205001,0.0,28,POINT(-86.278553 32.398911)
89770288-73d9-356e-8931-aaa1098fe7e5,ENCOMPASS HEALTH HOME HEALTH,207 FOB JAMES DRIVE,VALLEY,AL,36854,32.816548346938774,-85.18925708163266,3347686225,0.0,15,POINT(-85.18925708163266 32.816548346938774)
0ffa22ac-06dd-3ecc-aef4-09b7f081f884,KINDRED AT HOME,1988 FAIRVIEW AVENUE,PRATTVILLE,AL,360665215,32.483886276131656,-86.41457870164865,3343619806,0.0,1,POINT(-86.41457870164865 32.483886276131656)
9b62d2a3-c0f6-3caf-9993-c6d2fa370164,LYONS & ASSOCIATES FAMILY CARE  PLLC,5511 HIGHWAY 280 STE 223,HOMEWOOD,AL,352092650,33.4717732,-86.8008228,2057740309,0.0,19,POINT(-86.8008228 33.4717732)
87d97417-cd57-3b53-b161-e8ac39c5bf1f,KINDRED AT HOME,2100 SOUTHBRIDGE PKWY  SUITE 480,BIRMINGHAM,AL,35209,33.4897169,-86.7881762,2058360777,0.0,2,POINT(-86.7881762 33.4897169)
71dc433a-37c5-3884-8bc1-d5023ec27b2d,THE RUSSELL HOSPITAL CORPORATION,3316 HIGHWAY 280,ALEXANDER CITY,AL,350103369,32.944012,-85.9538532,2563297109,0.0,15,POINT(-85.9538532 32.944012)
cd530c35-07c4-39f2-864f-e39ac68e50c1,MEDICAL WEST HOSPITAL AUTHORITY  AN AFFILIATE OF UAB HEALTH SYSTEM,995 9TH AVE SW,BESSMER,AL,350224527,33.497139,-86.8765717,2054817670,0.0,29,POINT(-86.8765717 33.497139)
180c723a-bd7d-3453-871a-1153b8a3d16e,DEKALB URGENT CARE AND WELLNESS CLINIC  LLC,157 MARSHALL ROAD,RAINSVILLE,AL,359864542,34.4840922135319,-85.81958252807092,2566389355,0.0,39,POINT(-85.81958252807092 34.4840922135319)
491921a5-76fc-3554-bd4a-2bd2ca869974,N AL FAMILY MEDICINE LLC,101 WESTOVER CIR,MADISON,AL,357588959,34.678503375934156,-86.7549476329108,2563253800,0.0,24,POINT(-86.7549476329108 34.678503375934156)
1d2ce9ea-3458-3c31-8907-d6b7798feee5,MONROE MANOR HEALTH & REHABILITATION CENTER,236 WEST CLAIBORNE STREET,MONROEVILLE,AL,364601704,31.526814,-87.3280188,2515752648,0.0,3,POINT(-87.3280188 31.526814)
61d37d4b-e7a8-34b2-94a2-2828e637961b,PRESBYTERIAN RETIREMENT HOMES OF BIRMINGHAM  INC.,3605 RATLIFF RD,BIRMINGHAM,AL,352104512,33.54401407985391,-86.63249975642263,2059562184,0.0,2,POINT(-86.63249975642263 33.54401407985391)
c83d0bda-679f-3d5e-b51f-cf7bee8612bf,DIVERSICARE OF OXFORD,1130 HALE ST,OXFORD,AL,362032444,33.60854278538551,-85.8297077930352,2568310481,0.0,1,POINT(-85.8297077930352 33.60854278538551)
42efb859-ae8e-3ac4-853e-91b1183af863,EXTENDICARE HEALTH CENTER,950 SOUTH ST. ANDREWS STREET,DOTHAN,AL,363023684,31.21130686287808,-85.39053687198802,3347931177,0.0,8,POINT(-85.39053687198802 31.21130686287808)
a340798a-c604-3365-8d55-3ce31d9d23dc,REHABILITATION HOSPITAL OF NORTH ALABAMA  LLC,107 GOVERNORS DR SW,HUNTSVILLE,AL,358014326,34.71985739778079,-86.5794341714089,2565352300,0.0,16,POINT(-86.5794341714089 34.71985739778079)
43f2d4e8-a317-3da2-b51d-e4191be92d6d,RIVER REGION FAMILY MEDICINE  LLC,277 HUNTRESS STREET,WETUMPKA,AL,360923342,32.5065099,-86.2147715,3345674311,0.0,12,POINT(-86.2147715 32.5065099)
88eebcaa-37fd-3d62-8375-9df9ebb5988b,COLUMBIANA HEALTH AND REHABILITATION  LLC,22969 HIGHWAY 25,COLUMBIANA,AL,350513502,33.1781718,-86.6072054,2056691712,0.0,1,POINT(-86.6072054 33.1781718)
f14efc0e-b676-3bd1-850d-6827bc27d39c,ALABAMA REGIONAL MEDICAL SERVICES,417 19TH STREET ENSLEY,BIRMINGHAM,AL,352181601,33.51352676,-86.89782584000001,2057839300,0.0,28,POINT(-86.89782584000001 33.51352676)
0ee27bb1-1f24-31ca-8bfc-00c253ab1831,BIRMINGHAM NURSING AND REHABILITATION CENTER  LLC,1000 DUGAN AVE,BIRMINGHAM,AL,352144326,33.546116,-86.881078,2057988780,0.0,1,POINT(-86.881078 33.546116)
07c86d2b-6e61-3dec-a2f3-b067aa25bb63,BALDWIN COUNTY PRIMARY CARE  LLC,619 E LAUREL AVE,FOLEY,AL,365353301,30.40692,-87.668535,2519435689,0.0,28,POINT(-87.668535 30.40692)
f8fbba1c-1f64-3068-829d-d3b82b2c7925,ATMORE NURSING CENTER  LLC,715 E LAUREL ST,ATMORE,AL,365023113,31.01619085714286,-87.47632614285713,2513689121,0.0,2,POINT(-87.47632614285713 31.01619085714286)
1a1d3dec-f88b-3973-a7ac-13e31e298d98,SPANISH FORT INTERNAL MEDICINE PC,7552 SPANISH FORT BLVD,SPANISH FORT,AL,365275314,30.67046498709537,-87.89433652552346,2519293058,0.0,13,POINT(-87.89433652552346 30.67046498709537)
b2363187-117f-3afc-8020-9ef5e24f45c6,MAGNOLIA HAVEN HEALTH AND REHABILITATION CENTER,603 WRIGHT STREET,TUSKEGEE,AL,360831585,32.43276964944494,-85.69145548935818,3347274960,0.0,2,POINT(-85.69145548935818 32.43276964944494)
a5195fd3-19cb-317f-b174-72a98d88f70a,TOMBIGBEE HEALTHCARE AUTHORITY,1007 S MAIN ST,LINDEN,AL,367483149,32.2965125,-87.7978245,3342894000,0.0,28,POINT(-87.7978245 32.2965125)
23af71b4-1c7b-31f9-b98b-34241ccdd4e8,GADSDEN REGIONAL MEDICAL CENTER,1007 GOODYEAR AVENUE,GADSDEN,AL,359066310,34.00778505,-85.9663095796017,2564944000,0.0,1,POINT(-85.9663095796017 34.00778505)
b989c9f5-a504-3b3f-876d-31a0d5e9d0e6,QHG OF ENTERPRISE INC,400 N EDWARDS ST,ENTERPRISE,AL,363302510,31.318424999999998,-85.85468880157622,3343470584,0.0,115,POINT(-85.85468880157622 31.318424999999998)
283a0f5a-a484-364a-816c-de8f55bdff0b,PIEDMONT HEALTH CARE CENTER,30 ROUNDTREE DRIVE,PIEDMONT,AL,362725892,33.9077723,-85.6078584,2564478258,0.0,14,POINT(-85.6078584 33.9077723)
aee85af1-cf83-306b-a06c-4f5e282b840d,HUNTSVILLE HOSPITAL HOMECARE,500 BOULEVARD SOUTH SW  SUITE 203,HUNTSVILLE,AL,358022103,34.668746,-86.573688,2569226650,0.0,5,POINT(-86.573688 34.668746)
0c68094b-63ae-367b-a6ef-f86aebe620a3,HH HEALTH SYSTEM - MORGAN LLC,2205 BELTLINE RD SW,DECATUR,AL,356013617,34.584339188838946,-87.02395062553448,2563412010,0.0,15,POINT(-87.02395062553448 34.584339188838946)
35180000-cd31-3ca4-a6e1-3b7ca276d10d,FAMILY & INDUSTRIAL HEALTH SERVICES  INC.,4725 MOBILE HWY,MONTGOMERY,AL,361085126,32.3109816,-86.3499305,3342813665,0.0,38,POINT(-86.3499305 32.3109816)
03a0ec81-3c70-3787-a3aa-3215e2e4aec3,HIGHLANDS FAMILY CARE LLC,7655 ALABAMA HWY 71,DUTTON,AL,357447556,34.6109183,-85.91692,2566572025,0.0,17,POINT(-85.91692 34.6109183)
936845af-30f7-361d-ab47-cedfb6ad795a,DECATUR MORGAN HOSPITAL-DECATUR CAMPUS,1201 7TH ST SE,DECATUR,AL,356033337,34.59085815,-86.97139352672316,2563412010,0.0,177,POINT(-86.97139352672316 34.59085815)
4c681480-6075-3d50-bea1-dcef503df4b6,ASERACARE HOSPICE-MOBILE,1201 MONTLIMAR DRIVE  SUITE 100,MOBILE,AL,366023809,30.663879,-88.133127,2513430989,0.0,6,POINT(-88.133127 30.663879)
06c53493-f095-33f6-896f-eaa996f45568,COMMUNITY URGENT CARE LAKESIDE NORTH,38 ROWE DR,GUNTERSVILLE,AL,359767367,34.3581474,-86.2947041,2565718460,0.0,5,POINT(-86.2947041 34.3581474)
510dcdde-ff29-321e-9095-fcd6eff06740,CLANTON MEDICAL CENTER,1010 LAY DAM ROAD,CLANTON,AL,350452331,32.85300085714285,-86.62291959183673,2057555700,0.0,2,POINT(-86.62291959183673 32.85300085714285)
76120765-7ccf-3393-8ece-0bdac6caa0c1,JACKSONVILLE INTERNAL MEDICINE & WELLNESS  LLC,1701 PELHAM RD S,OXFORD,AL,362031917,33.5853695,-85.91428175037092,2563652416,0.0,43,POINT(-85.91428175037092 33.5853695)
683664a9-fd49-344e-ae76-7e510c331e96,MOBILE NURSING AND REHABILITATION CENTER,7020 BRUNS DRIVE,MOBILE,AL,366954329,30.658180199999997,-88.20443014913553,2516391588,0.0,14,POINT(-88.20443014913553 30.658180199999997)
75de8ae3-9de2-3c1c-ad66-35ec20f09b9c,CHILDRENS URGENT CARE  LLC,500 CAHABA PARK CIR,VESTAVIA HILLS,AL,352161808,33.4487989,-86.7879492,(205) 848-2273,0.0,1,POINT(-86.7879492 33.4487989)
63b7e4de-69db-3da5-ba07-28f5d9d63eb2,FULTONDALE URGENT CARE CENTERS  LLC,339 WALKER CHAPEL PLAZA,FULTONDALE,AL,350683402,33.6104148,-86.7976721,2058412844,0.0,8,POINT(-86.7976721 33.6104148)
1e7ee24a-4e6a-3d36-a02f-038133267d08,MAGNOLIA SPRINGS SKIN & WELLNESS CENTER PC LLC,12440 MAGNOLIA SPRINGS HWY STE 200,MAGNOLIA SPRINGS,AL,365556434,30.40512616670908,-87.7720507727712,2512634991,0.0,28,POINT(-87.7720507727712 30.40512616670908)
76e4d6c9-e0d0-3305-b622-94b520b6716d,SHELBY RIDGE NURSING HOME,881 3RD STREET NORTHEAST,ALABASTER,AL,350078954,33.25403962344035,-86.80980403042608,2056208500,0.0,19,POINT(-86.80980403042608 33.25403962344035)
8aa0cd49-5da4-38da-90bc-f551e5010ea6,DCH REGIONAL MEDICAL CENTER,809 UNIVERSITY BLVD E,TUSCALOOSA,AL,354012029,33.204164,-87.52753681434177,2057597378,0.0,4,POINT(-87.52753681434177 33.204164)
6b11e72a-e9a3-3899-9b5d-8cbae6564427,STV PRIMARY CARE EAST LLC,7201 HAPPY HOLLOW ROAD,TRUSSVILLE,AL,35173,33.657163,-86.57428,2056553721,0.0,80,POINT(-86.57428 33.657163)
14543b27-40cc-3f33-b075-508b7ee33b42,ALABASTER OPERATING GROUP LLC,850 9TH ST NW,ALABASTER,AL,350079179,33.25369430589273,-86.82643128001935,2056633859,0.0,3,POINT(-86.82643128001935 33.25369430589273)
7c54275c-ff75-38ac-93ef-0babdc29d7ce,ENCOMPASS HEALTH REHABILITATION HOSPITAL OF MONTGOMERY  INC.,4465 NARROW LANE RD,MONTGOMERY,AL,361162953,32.319762,-86.281938,3342847700,0.0,25,POINT(-86.281938 32.319762)
4b64ecf3-be28-3e71-bac7-6b6888994394,DEKALB REGIONAL HOME HEALTH,1706 GLENN BOULEVARD  SUITE 3,FORT PAYNE,AL,359683544,34.4442547,-85.7196893,2565242411,0.0,2,POINT(-85.7196893 34.4442547)
17b73d4c-8946-36dd-866b-af2b48606181,GULF SHORES MEDICAL CENTER,200 OFFICE PARK DRIVE,GULF SHORES,AL,365423432,30.27053285,-87.68988079854847,2519687379,0.0,26,POINT(-87.68988079854847 30.27053285)
60ab2f7e-f6f5-30c7-a08b-43c2a1eb3bf6,COMFORT CARE HOSPICE OF SCOTTSBORO,23730 JOHN T REID PKWY  SUITE A,SCOTTSBORO,AL,357682840,34.645001,-86.041654,2562590906,0.0,1,POINT(-86.041654 34.645001)
97967b5d-480a-3104-a7ae-ed69c7379e09,QUICKCARE URGENT LLC,202 GOVERNORS DR SE,HUNTSVILLE,AL,358012745,34.71998993877551,-86.5769723877551,2565178317,0.0,22,POINT(-86.5769723877551 34.71998993877551)
38266a22-8584-3f03-9b8b-c7ba127945fb,SARALAND FAMILY PRACT PC,119 ENNIS ST,SARALAND,AL,365712706,30.820141,-88.079229,2515442000,0.0,29,POINT(-88.079229 30.820141)
5fd8edbf-bc2a-338b-962b-78849cb986b6,ESCAMBIA COUNTY ALABAMA COMMUNITY HOSPITALS  INC,401 MEDICAL PARK DR,ATMORE,AL,365023006,31.01701705,-87.47857661925876,2513688500,0.0,96,POINT(-87.47857661925876 31.01701705)
586c9a25-58b9-3e9d-80a4-75103d81e724,NORTHEAST ALABAMA HEALTH SERVICES  INC.,3840 GAULT AVE N,FORT PAYNE,AL,359675211,34.442567,-85.721177,2568444975,0.0,28,POINT(-85.721177 34.442567)
ef6af683-0246-3b6b-bad4-0b5a0cf546d3,HUNTER CREEK HEALTH AND REHABILITATION  LLC,600 34TH ST,NORTHPORT,AL,354733393,33.240705,-87.626136,2053395900,0.0,10,POINT(-87.626136 33.240705)
5020cf19-f3df-3acf-b862-4bb58a8ef2c1,THE CHILDREN'S HOSPITAL OF ALABAMA,1600 7TH AVE S,HOMEWOOD,AL,352095501,33.4717732,-86.8008228,2056389100,0.0,9,POINT(-86.8008228 33.4717732)
6b5d1729-b050-3f13-b596-da3e7a926396,FLOYD HEALTHCARE MANAGEMENT INC,420 E 2ND AVE,PIEDMONT,AL,362725892,33.926828,-85.614764,7065093000,0.0,41,POINT(-85.614764 33.926828)
d6cef7b2-0c1d-3831-b6eb-e9d9bcc59810,J W STEWART NEIGHBORHOOD HEALTH CLINIC,1409 SPRINGFIELD AVENUE,GADSDEN,AL,359032819,33.995517,-85.95676821431115,2054920131,0.0,20,POINT(-85.95676821431115 33.995517)
3e8ebedc-0c63-391c-936a-72f1d453ecb3,MILLBROOK FAMILY HEALTHCARE LLC,2588 MAIN ST,MILLBROOK,AL,360543849,32.46729682945737,-86.36037326356589,3342855703,0.0,30,POINT(-86.36037326356589 32.46729682945737)
8635864a-770e-3b7f-8898-3d1372cbe2cd,HUNTSVILLE HOSPITAL MEDICAL CLINIC AT HAMPTON COVE,262 SUTTON ROAD,OWENS CROSS ROADS,AL,357638753,34.65809615,-86.49056995346457,2562650350,0.0,67,POINT(-86.49056995346457 34.65809615)
1775dca5-fa13-3f8d-9d61-12c00aa2ca27,TEMPLE MEDICAL CLINIC  PC,859 AIRPORT DRIVE,ALEXANDER CITY,AL,350103443,32.921518,-85.94191817346939,2562344295,0.0,24,POINT(-85.94191817346939 32.921518)
b206a51f-2619-32b9-8f5a-f32c237c1e23,NOLAND HOSPITAL DOTHAN II  LLC,1108 ROSS CLARK CIRCLE  4TH FLOOR,DOTHAN,AL,363013022,31.216402000000002,-85.36564064472296,3346994300,0.0,59,POINT(-85.36564064472296 31.216402000000002)
b70d952e-92ba-3a6b-b52e-bee4e21f9160,DIVERSICARE OF FOLEY,1701 NORTH ALSTON STREET,FOLEY,AL,365352246,30.427001,-87.685391,2519432781,0.0,17,POINT(-87.685391 30.427001)
a63e7b9d-2fe9-3ac2-bc0f-b1f9808bcb8d,FOLEY HOSPITAL CORPORATION,1613 N MCKENZIE ST,FOLEY,AL,365352247,30.4065868,-87.6835974,2519493400,0.0,70,POINT(-87.6835974 30.4065868)
d18fbc7e-bb74-310a-9550-7f8f4eaccc73,VAUGHAN REGIONAL MEDICAL CENTER LLC,1015 MEDICAL CENTER PKWY,SELMA,AL,367016748,32.429399599999996,-87.05590344058078,3344184100,0.0,65,POINT(-87.05590344058078 32.429399599999996)
28e783ba-2b3c-3eff-9b56-d69b2c79e77f,ST VINCENTS CHILTON LLC,2030 LAY DAM RD,CLANTON,AL,350458344,32.8764654112773,-86.6236554749548,2052584400,0.0,16,POINT(-86.6236554749548 32.8764654112773)
2368ceb6-4285-3596-9e1f-e96ade70d40a,NOLAND HOSPITAL TUSCALOOSA II  LLC,809 UNIVERSITY BOULEVARD EAST  4TH FLOOR,TUSCALOOSA,AL,354012029,33.204164,-87.52753681434177,2057597241,0.0,34,POINT(-87.52753681434177 33.204164)
722ada98-2542-392d-ae9d-53b2e00e46ee,AMEDISYS HOME HEALTH OF MONROEVILLE,15 MAYFIELD STREET,MONROEVILLE,AL,364603009,31.505031,-87.3164003,8663340260,0.0,4,POINT(-87.3164003 31.505031)
7bbcf265-4c0a-325d-9310-383dc73abd6c,IVY CREEK OF ELMORE LLC,2256 GILMER AVE,TALLASSEE,AL,360787114,32.56467886470588,-85.93184122941176,3342832542,0.0,27,POINT(-85.93184122941176 32.56467886470588)
8e820070-4216-3d28-93e1-1a98389260fd,FRANKLIN PRIMARY HEALTH CENTER  INC.,424 S WILSON AVE,PRICHARD,AL,366103912,30.734409,-88.082004,2514521442,0.0,26,POINT(-88.082004 30.734409)
0fea7c02-b7ae-3dc0-ab61-326b052d6c0f,INFIRMARY HEALTH URGENT CARE - BAY MINETTE  P.C.,108C MCMEANS AVE,BAY MINETTE,AL,365073130,30.8759255,-87.77662115703666,2514351331,0.0,8,POINT(-87.77662115703666 30.8759255)
719d7b7e-4ed9-341c-9bb7-ccb72dd039da,AMEDISYS HOSPICE OF MONTGOMERY,8160 DECKER LANE,MONTGOMERY,AL,361174254,32.37689538098128,-86.15561803662268,3343957789,0.0,5,POINT(-86.15561803662268 32.37689538098128)
ece30e10-f4a2-3852-9dcf-175737927314,PROVIDENCE HEALTHCARE SVC,18317 US HWY 90,SEMMES,AL,365755406,30.778688,-88.2588427,2519472000,0.0,67,POINT(-88.2588427 30.778688)
5dd564ec-9c05-339b-9f61-b02defe1cdbe,HARPERSVILLE FAMILY MEDICINE  P.C.,2228 CAHABA VALLEY DR,HARPERSVILLE,AL,350784701,33.3439995,-86.4380357,2055934200,0.0,62,POINT(-86.4380357 33.3439995)
40b7b37f-4c45-38a3-99a9-38a469dbc993,THRIVE HEALTH URGENT CARE  INC.,3500 CLOVERDALE RD,FLORENCE,AL,356331302,34.852782,-87.6911,2562847706,0.0,5,POINT(-87.6911 34.852782)
e2f34a08-16fe-38b1-9800-a5dae6e5af94,GADSDEN REGIONAL MEDICAL CENTER LLC,1007 GOODYEAR AVE,GADSDEN,AL,359031195,34.00778505,-85.9663095796017,2564944585,0.0,48,POINT(-85.9663095796017 34.00778505)
69442f6b-d59e-36f5-b4bb-e554b86eb6b7,ENTERPRISE URGENT CARE,6582 BOLL WEEVIL CIRCLE,ENTERPRISE,AL,363309424,31.2919184,-85.8457186,3343472027,0.0,5,POINT(-85.8457186 31.2919184)
969a5069-24ec-3405-a0fd-f6e555d9ebe6,EASTSIDE FAMILY MEDICINE,22289 MEDICAL VILLAGE DR,ATHENS,AL,356132896,34.77800905,-86.9254162610518,2562321414,0.0,73,POINT(-86.9254162610518 34.77800905)
61b57980-339b-3d6a-a370-037f67a46a47,ADAMS NURSING HOME,1555 HILLABEE STREET,ALEXANDER CITY,AL,350102346,32.943202889447235,-85.9404152361809,2563290847,0.0,3,POINT(-85.9404152361809 32.943202889447235)
d3d7831f-43cc-3d49-a940-4a07400a7f23,QUALITY OF LIFE HEALTH SERVICES INC,1201 NOTASULGA ROAD,TUSKEGEE,AL,360637115,32.436233,-85.692708,3347277211,0.0,49,POINT(-85.692708 32.436233)
a0844759-d3d2-3ce0-9b9a-2d249627e932,ATHENS FAMILY HEALTH CENTER,110 WALKER AVENUE,ATHENS,AL,356112454,34.8045487,-86.9711698,2565336311,0.0,3,POINT(-86.9711698 34.8045487)
c01949b4-86ed-38bb-82fb-0c175eb0a2cd,SOUTHEAST ALABAMA HOMECARE,804 GLOVER AVENUE,ENTERPRISE,AL,363302018,31.32135869033187,-85.83462013323332,3343474800,0.0,6,POINT(-85.83462013323332 31.32135869033187)
ffebf439-04d7-3656-bd8b-b8bbd0e4cf6b,URGENT CARE OF MADISON PC,3751 SULLIVAN ST,MADISON,AL,357581707,34.67933741089509,-86.75173525495028,2567724211,0.0,1,POINT(-86.75173525495028 34.67933741089509)
4d8e0243-139f-371e-9914-77ea21080cea,THE HEALTH CARE AUTHORITY FOR BAPTIST HEALTH  AN AFFILIATE OF UABHS,124 S MEMORIAL DR,PRATTVILLE,AL,360673619,32.464044900000005,-86.45235347708427,3343614267,0.0,13,POINT(-86.45235347708427 32.464044900000005)
86f067fd-2bca-3b27-82bd-0f88e65990d3,ATHENS LIMESTONE HOSPITAL,700 WEST MARKET STREET,ATHENS,AL,356132899,34.8045487,-86.9711698,2562339292,0.0,3,POINT(-86.9711698 34.8045487)
93e243f4-b086-39b7-b7a7-9ef72bc01cd2,AVALON MEDICAL CENTER PC,2410 AVALON AVE,MUSCLE SHOALS,AL,356613283,34.7442247,-87.6275089,2563860808,0.0,32,POINT(-87.6275089 34.7442247)
3a69eda8-de2f-3b68-b2b8-66ca0040f526,DOTHAN INTERNAL MEDICINE,1118 ROSS CLARK CIR,DOTHAN AL,AL,363013023,31.21451282642447,-85.36134172959952,3346992004,0.0,42,POINT(-85.36134172959952 31.21451282642447)
3bbb5edc-5d69-3d2d-934a-e3499b0af0a4,PEAK HEALTHCARE,750 AL-75,OWENS CROSS ROADS,AL,357638606,34.5881461,-86.4588768,2568781398,0.0,51,POINT(-86.4588768 34.5881461)
b8fe84fe-b356-3db2-b0ec-5834fbc18212,KINDRED AT HOME,2740 HEADLAND AVE,DOTHAN,AL,363031236,31.269855949036405,-85.39349918976671,3349442290,0.0,6,POINT(-85.39349918976671 31.269855949036405)
5c90ff25-caad-3518-9c56-e3767ee5e958,MOBILE COUNTY BOARD OF HEALTH,4009 SAINT STEPHENS RD,MOBILE,AL,366121231,30.610499652173914,-88.12853969565217,2514561399,0.0,106,POINT(-88.12853969565217 30.610499652173914)
1b4e1b2a-fef4-3a1d-ae00-b3f28b9a4607,TALLASSEE URGENT CARE LLC,2256 GILMER AVE,TALLASSEE,AL,360787126,32.56467886470588,-85.93184122941176,3345143848,0.0,2,POINT(-85.93184122941176 32.56467886470588)
f3daf2b1-045b-3d34-aa9c-514f4b4e2014,FAITH MEDICAL CLINIC LLC,64 MCCURDY AVE N,RAINSVILLE,AL,359864465,34.49536990919085,-85.84633224184034,2566384411,0.0,32,POINT(-85.84633224184034 34.49536990919085)
437c7257-24db-33c1-9ac3-e3626e4f0347,HILLSIDE FAMILY PRACTICE,1008 BOLL WEEVIL CIR,ENTERPRISE,AL,36330,31.33309493419522,-85.84701882182296,3344752067,0.0,78,POINT(-85.84701882182296 31.33309493419522)
486dddc0-bc29-3519-a330-1ed3e72eb10f,BHC-CAHABA INTERNAL MEDICINE,1004 1ST ST N,ALABASTER,AL,350078604,33.251601045972954,-86.8148549021898,2056647970,0.0,96,POINT(-86.8148549021898 33.251601045972954)
62d4fa04-fc18-33b1-bbb7-b6f34c486fdb,SUMMIT INTERNAL MEDICINE,3570 GRANDVIEW PARKWAY SUITE 100-A,BIRMINGHAM,AL,352432033,33.43855900401383,-86.71852224596817,2055959222,0.0,81,POINT(-86.71852224596817 33.43855900401383)
ce64c7c5-ec9e-3c5d-8312-7386567e6c58,CHATTAHOOCHEE HOSPICE  INC.,6 MEDICAL PARK NORTH,VALLEY,AL,36854,32.8187406,-85.1793852,3347568043,0.0,1,POINT(-85.1793852 32.8187406)
1d8522c1-a1f2-3e96-a1ee-5afe6dbd0b53,VALLEY AREA URGENT CARE LLC,267 FOB JAMES DR,VALLEY,AL,368545077,32.816561816326534,-85.18927789795919,3347564860,0.0,33,POINT(-85.18927789795919 32.816561816326534)
169ce7c5-62e6-315c-89c7-8fe4590a0646,UNIVERSITY OF ALABAMA HOSPITAL,619 SOUTH 19TH STREET,LEEDS,AL,350941116,33.4978545,-86.58523163935291,2059344011,0.0,81,POINT(-86.58523163935291 33.4978545)
f6266baf-0ccc-3540-b0c5-3ec3872101fb,MARGARET MEDICAL CLINIC  LLC,3832 SANIE RD,ODENVILLE,AL,35120,33.648137,-86.453389,2056291300,0.0,42,POINT(-86.453389 33.648137)
2349beed-1d64-37db-8e27-5e6ead86bbe3,MOBILE INFIRMARY MEDICAL CENTER,3 MOBILE INFIRMARY CIR,SARALAND,AL,365712202,30.820742,-88.0705556,2514354700,0.0,17,POINT(-88.0705556 30.820742)
07a8ba83-847b-3608-947f-d040cd1167ef,HEARTLITE HOSPICE,111 EAST LAUREL STREET,SCOTTSBORO,AL,357681801,34.67292029506765,-86.03448053108423,2562591754,0.0,2,POINT(-86.03448053108423 34.67292029506765)
fdb3c9e7-9076-36d3-b452-704934c080c4,ARTICULARIS HEALTHCARE GROUP INC,1907 S COLLEGE ST STE 201,AUBURN,AL,368325906,32.5707116,-85.4995133,3342036196,0.0,32,POINT(-85.4995133 32.5707116)
161b9ee7-a47e-304a-bcd7-f2e87a3e24b5,Mobile Outpatient Clinic,1504 Springhill Ave.,Mobile,AL,36604,30.692453,-88.07212,251-219-3900 Or 251-219-3900,0.0,367,POINT(-88.07212 30.692453)
9bd3c3e0-8e8c-3574-9444-6362667741a2,HILLCREST URGENT CARE OF ALABAMA PC,2370 HILLCREST RD STE M,MOBILE,AL,366953841,30.639471,-88.190914,2514596200,0.0,8,POINT(-88.190914 30.639471)
36b93fd5-ee73-3582-92c9-cd15ac8e4e15,ALTAPOINTE HEALTH SYSTEMS INC,7400 ROPER LN,DAPHNE,AL,365265274,30.6353442,-87.8952593166502,2516610153,0.0,3,POINT(-87.8952593166502 30.6353442)
c73c00c7-0e1e-313d-be78-fe7dc3588cbb,COMMUNITY HOSPITAL INC,805 FRIENDSHIP ROAD,TALLASSEE,AL,360781234,32.534988,-85.910695,3342836541,0.0,24,POINT(-85.910695 32.534988)
0912bf40-11a1-3964-a448-ee81f506563e,AMEDISYS HOSPICE OF DECATUR,432 MOULTON ST. EAST,DECATUR,AL,356016335,34.6039689220754,-86.98205588301606,2563508688,0.0,10,POINT(-86.98205588301606 34.6039689220754)
ba1aaaa7-64d8-3817-acfd-f2d5ad5a6991,PREMIER URGENT AND FAMILY CARE,4643 CAMP COLEMAN RD,TRUSSVILLE,AL,351732697,33.637820734071575,-86.57972771574181,2056554924,0.0,8,POINT(-86.57972771574181 33.637820734071575)
ca0b8625-64ed-36d3-b09e-99f0b54cf2c0,FORT PAYNE HOSPITAL CORPORATION,200 MEDICAL CENTER DR SW,FORT PAYNE,AL,359683458,34.44201305,-85.7568809962695,2568453150,0.0,64,POINT(-85.7568809962695 34.44201305)
b7562d88-66d4-364f-9c3c-32376fa46ab1,FRANKLIN PRIMARY HEALTH CENTER  INC.,201 DOLIVE ST,BAY MINETTE,AL,365073226,30.8759255,-87.77662115703666,2519644011,0.0,32,POINT(-87.77662115703666 30.8759255)
888ed201-4500-36df-8e52-195e87e4a51f,MEDICAL WEST HOSPITAL AUTHORITY  AN AFFILIATE OF UAB HEALTH SYSTEM,995 9TH AVE SW,BESSEMER,AL,350224527,33.37231525,-86.990704594639,2054817670,0.0,138,POINT(-86.990704594639 33.37231525)
0b988313-0bd2-3134-9963-08d0170ee5e8,HH HEALTH SYSTEM MARSHALL LLC,2505 US HIGHWAY 431,GUNTERSVILLE,AL,359767140,34.3581474,-86.2947041,2565938310,0.0,33,POINT(-86.2947041 34.3581474)
ed966b1c-581c-362f-8e3b-3c8fa403860a,MONROE COUNTY HOSPITAL,2016 SOUTH ALABAMA AVENUE,MONROEVILLE,AL,364603044,31.5279399,-87.3247077,2515753111,0.0,11,POINT(-87.3247077 31.5279399)
73f72740-9e17-3a0e-a082-031d76a3153d,GRANDVIEW MEDICAL CENTER,3690 GRANDVIEW PARKWAY,BIRMINGHAM,AL,352433326,33.43373785,-86.71846059473762,2059711000,0.0,60,POINT(-86.71846059473762 33.43373785)
363d1166-c20f-356b-b672-99ab38446434,BAPTIST HOSPICE,2105 EAST SOUTH BLVD.,MONTGOMERY,AL,361162463,32.327953050000005,-86.27778199599958,3343955000,0.0,5,POINT(-86.27778199599958 32.327953050000005)
d6f1623c-a4bc-3606-bb7c-1720589be6d8,VAUGHAN REGIONAL MEDICAL CENTER PARKWAY CAMPUS,1015 MEDICAL CENTER PARKWAY,SELMA,AL,367016748,32.429399599999996,-87.05590344058078,3344184100,0.0,166,POINT(-87.05590344058078 32.429399599999996)
ddff20ee-b6b1-3f2f-9cc7-43b3ab2054da,AMEDISYS HOME HEALTH OF OPELIKA,3320 SKYWAY DRIVE  SUITE 804,OPELIKA,AL,368017141,32.6454116,-85.3782795,3348877234,0.0,13,POINT(-85.3782795 32.6454116)
66cd0491-2c69-3ea9-9e09-5d4c4b09709f,CRESTWOOD MEDICAL CENTER,ONE HOSPITAL DR SE,MADISON,AL,357582237,34.7736807,-86.5675095,2568823100,0.0,75,POINT(-86.5675095 34.7736807)
a7d6bb56-554f-350d-a3ff-6e7177cd741b,HILLVIEW TERRACE,100 PERRY HILL RD,MONTGOMERY,AL,361093630,32.380456,-86.246775,3342720171,0.0,2,POINT(-86.246775 32.380456)
383625b0-9b7f-3fcb-90bb-0739abc0ce4b,NORTH ALABAMA SPECIALTY HOSPITAL,700 WEST MARKET STREET  2ND FLOOR,ATHENS,AL,356112457,34.8045487,-86.9711698,3372699566,0.0,35,POINT(-86.9711698 34.8045487)
ab3d2390-65de-3125-b794-56c9b7a1ef60,GARDENDALE PAIN AND WELLNESS LLC,2215 DECATUR HWY STE 101,GARDENDALE,AL,350712384,33.676996131339855,-86.819761139862,2056088199,0.0,98,POINT(-86.819761139862 33.676996131339855)
8b2005c3-8739-37c9-aea6-1864362d9a82,RAINBOW MEDICAL & URGENT CARE; LLC,309 W GRAND AVE,RAINBOW CITY,AL,359063241,33.95934673789246,-86.04421278093193,2564426400,0.0,59,POINT(-86.04421278093193 33.95934673789246)
ec5150d0-3d86-3a52-9a23-5a16a6a5ba8b,DALE MEDICAL CENTER,126 HOSPITAL AVE,OZARK,AL,363602018,31.4511675,-85.6320623498164,3347742601,0.0,1,POINT(-85.6320623498164 31.4511675)
96820449-44dc-30aa-b737-c247072be6be,JACK HUGHSTON MEMORIAL HOSPITAL,4401 RIVER CHASE DRIVE,PHENIX CITY,AL,368677483,32.507977249999996,-85.00878469067558,3347323000,0.0,107,POINT(-85.00878469067558 32.507977249999996)
1a4ff4ab-e41c-325c-90df-a8c0e8375bf1,FOLEY URGENT CARE LLC,225 W 9TH AVE,FOLEY,AL,365351745,30.384821,-87.691806,2519436108,0.0,60,POINT(-87.691806 30.384821)
a5e9f688-e208-3279-aa6b-71a3b6af5a7e,NORTH ALABAMA MEDICAL CENTER,1701 VETERANS DRIVE,FLORENCE,AL,356304928,34.80504285000001,-87.65081425058077,2567688400,0.0,40,POINT(-87.65081425058077 34.80504285000001)
c2049ef6-1904-32d5-8c6f-490cb7a3c3c7,ESCAMBIA COUNTY ALABAMA COMMUNITY HOSPITALS  INC,401 MEDICAL PARK DR,ATMORE,AL,365023006,31.01701705,-87.47857661925876,2513686384,0.0,64,POINT(-87.47857661925876 31.01701705)
35cc9b18-6079-3810-b19b-8c7059e05c36,BBH SBMC  LLC,1000 1ST ST N,ALABASTER,AL,350078703,33.2526682,-86.81296818785188,2056208100,0.0,441,POINT(-86.81296818785188 33.2526682)
a905ddd5-4d14-3150-8fc8-78caae0b5d2b,DECATUR MORGAN PRIMARY CARE,1215 7TH ST SE,DECATUR,AL,356013397,34.5911215592312,-86.97244706191098,2563515400,0.0,24,POINT(-86.97244706191098 34.5911215592312)
603f04b1-0b53-361f-bbba-35a4bf74f30b,CAPITAL FAMILY HEALTH CARE CENTER,2140 UPPER WETUMPKA RD,MONTGOMERY,AL,361177109,32.38874,-86.2761678,3344205001,0.0,1,POINT(-86.2761678 32.38874)
f4b36f8f-53ba-31f0-ba16-7a1276901e90,SOUTH HAVEN HEALTH AND REHABILITATION  LLC,3141 OLD COLUMBIANA ROAD,HOOVER,AL,352263703,33.40481447693712,-86.80791687373991,2058221580,0.0,2,POINT(-86.80791687373991 33.40481447693712)
d05cf213-0e2e-3764-b00e-74c3f97b2fba,Gadsden CBOC,206 Rescia Ave,Gadsden,AL,35906,33.963287,-86.03298,256-413-7154,0.0,573,POINT(-86.03298 33.963287)
fb415ca8-038a-35c7-874c-7f5729cd450e,JEMISON INTERNAL MEDICINE PC,24548 US HWY 31,JEMISON,AL,350854431,32.9596424,-86.7452105,2056884050,0.0,29,POINT(-86.7452105 32.9596424)
c4181dcd-b99e-37e1-b0d9-e3949174d2bf,MODERN HEALTH FAMILY CARE PRACTICE,13000 COTTONWOOD RD,COTTONWOOD,AL,363204280,31.051495,-85.303214,3347974787,0.0,70,POINT(-85.303214 31.051495)
36f8da35-59b0-38dd-924b-4e255912e9de,MONROE COUNTY HEALTH CARE AUTHORITY,16 MEDICAL CENTER DR,MONROEVILLE,AL,364603044,31.502173,-87.319868,2515753266,0.0,31,POINT(-87.319868 31.502173)
9097f846-1b9d-3141-8ccd-a9bba21a4fdf,VALLEY AREA PRIMARY CARE LLC,267 FOB JAMES DR,VALLEY,AL,368545077,32.816561816326534,-85.18927789795919,3347564860,0.0,143,POINT(-85.18927789795919 32.816561816326534)
c32ec299-5c5f-3b7a-a2ba-fc041bdf76df,COLLAT JEWISH FAMILY SERVICES,3940 MONTCLAIR RD,BIRMINGHAM,AL,352132416,33.509562852806056,-86.7556863686711,2058793438,0.0,23,POINT(-86.7556863686711 33.509562852806056)
a6187225-9268-3173-b73e-3bd1fe9f882b,CAHABA FAMILY MEDICINE  P.C.,2508 PELHAM PKWY,PELHAM,AL,351241321,33.32245730136971,-86.79537582790662,2056640880,0.0,132,POINT(-86.79537582790662 33.32245730136971)
6d8fe39d-1aa1-3d36-87cf-203996a089b9,BEHAVIORAL HEALTHCARE CENTER AT HUNTSVILLE  LLC,5315 MILLENNIUM DRIVE NW,HUNTSVILLE,AL,358062458,34.75345025296643,-86.66230620895197,7315882830,0.0,201,POINT(-86.66230620895197 34.75345025296643)
6adcf165-5251-3932-9b11-18b97a999946,CLOVERDALE ROAD FAMILY MEDICAL CENTER,3502 CLOVERDALE RD,FLORENCE,AL,356331302,34.8528007,-87.6905946,2567641263,0.0,41,POINT(-87.6905946 34.8528007)
c9138dbe-3703-3acd-a1fc-e66b18054d74,CRIMSON URGENT CARE LLC,1718 VETERANS MEMORIAL PKWY,TUSCALOOSA,AL,354044792,33.197178,-87.479308,2055071100,0.0,92,POINT(-87.479308 33.197178)
77f8232c-43a1-3f82-9a12-e13e63f39971,AMEDISYS HOME HEALTH OF TUSCALOOSA,4116 WATERMELON ROAD,NORTHPORT,AL,354735130,33.24316502235906,-87.55100099378038,8662978253,0.0,7,POINT(-87.55100099378038 33.24316502235906)
a6859a6c-62e4-38ba-b59e-2c83d3b95aa5,AMEDISYS HOME HEALTH,4735 NORREL DRIVE  SUITE 125,TRUSSVILLE,AL,351733606,33.64073020271678,-86.61434185783061,2056553707,0.0,12,POINT(-86.61434185783061 33.64073020271678)
01c25a83-d3fc-3c9d-ac56-dc819c0b3721,KARASSI ENDOCRINOLOGY & INTERNAL MEDICINE PC,817 PRINCETON AVE SW,BIRMINGHAM,AL,352111349,33.49858068981178,-86.84679476113457,2057872669,0.0,32,POINT(-86.84679476113457 33.49858068981178)
fcab1629-fd70-36f7-ae91-a77c126dd157,FORT PAYNE HOSPITAL CORPORATION,200 MEDICAL CENTER DRIVE,FT PAYNE,AL,359683458,34.4442547,-85.7196893,2568453150,0.0,4,POINT(-85.7196893 34.4442547)
8a8999ee-d032-3f4d-849a-e4d0737c689e,VALLEY VIEW HEALTH AND REHABILITATION  LLC,5968 WALL TRIANA HIGHWAY,MADISON,AL,357577200,34.75563114900041,-86.74981081968089,2568302316,0.0,5,POINT(-86.74981081968089 34.75563114900041)
c7be2f0b-316b-3fb9-b488-f298fcab1d6b,GENEVA COUNTY HEALTHCARE AUTHORITY INC,1200 W MAPLE AVE,GENEVA,AL,363401642,31.0489116,-85.89202133403035,3346843655,0.0,12,POINT(-85.89202133403035 31.0489116)
b5596c9c-b7a2-3122-98f9-96e212af6d18,AMEDISYS HOME HEALTH OF BREWTON,2554 DOUGLAS AVENUE,BREWTON,AL,364263552,31.146510280680367,-87.06739261886312,2518091717,0.0,8,POINT(-87.06739261886312 31.146510280680367)
280668ff-f238-36a5-bce8-8eee02c3594f,SCOTTSBORO URGENT CARE,102 MICAH WAY,SCOTTSBORO,AL,35768,34.66016541044795,-86.01742550065894,2562594802,0.0,1,POINT(-86.01742550065894 34.66016541044795)
3ce2ffac-3080-30ee-9a12-4e82116a01ca,FLOYD CHEROKEE MEDICAL CENTER LLC,400 NORTHWOOD DR,CENTRE,AL,359601023,34.162022199999996,-85.65113600927694,2569271301,0.0,110,POINT(-85.65113600927694 34.162022199999996)
441a6521-2ea0-3d11-8bca-81957035adf1,CITIZENS BAPTIST MEDICAL CENTER,604 STONE AVENUE,TALLADEGA,AL,351602217,33.4404993,-86.09073711271273,2567614542,0.0,65,POINT(-86.09073711271273 33.4404993)
cc53fa8f-0c4a-3a68-b58b-dde2388f192a,INTEGRITY FAMILY CARE NORTH ALABAMA  LLC,1041 BALCH RD,MADISON,AL,357588822,34.74547775862069,-86.76755027586206,2563251540,0.0,62,POINT(-86.76755027586206 34.74547775862069)
727431b3-eb86-3072-954a-459cb33c70d8,SPRINGHILL MEMORIAL HOSPITAL,3719 DAUPHIN STREET,MOBILE,AL,366081753,30.6847189,-88.13015691580881,2513449630,0.0,6,POINT(-88.13015691580881 30.6847189)
7a5dc56f-58ab-3b6d-913a-f021ba0e7963,EL REPOSO NURSING FACILITY,260 MILNER CHAPEL ROAD,FLORENCE,AL,356344757,34.79981,-87.677251,2567572143,0.0,7,POINT(-87.677251 34.79981)
e86e81f0-8d4f-3eaa-a3ef-5ba4049838c3,HOUSTON COUNTY HEALTHCARE AUTHORITY,1108 ROSS CLARK CIRCLE,DOTHAN,AL,363051130,31.216402000000002,-85.36564064472296,3347938111,0.0,231,POINT(-85.36564064472296 31.216402000000002)
63d11f70-8981-3b60-9004-a7032286050b,TRUSSVILLE HEALTH & REHABILITATION CENTER,119 WATTERSON PARKWAY,TRUSSVILLE,AL,351732307,33.61389882647974,-86.60883571972465,2056553226,0.0,20,POINT(-86.60883571972465 33.61389882647974)
7b8f20d2-06c7-36ac-88c9-f464519bab1f,NORTHEAST ALABAMA REGIONAL MEDICAL CENTER,400 E 10TH ST,OXFORD,AL,362031951,33.5853695,-85.91428175037092,2562355860,0.0,28,POINT(-85.91428175037092 33.5853695)
abef6c33-4e89-3ea7-9c0f-437251af3e05,GOOD SAMARITAN HOSPICE OF MADISON,540 HUGHES ROAD  SUITE 12,MADISON,AL,357588959,34.7133682244898,-86.74193946938776,2567728108,0.0,8,POINT(-86.74193946938776 34.7133682244898)
b216d910-bf73-3b06-b777-ca20ec88e334,ENCOMPASS HEALTH REHABILITATION HOSPITAL OF DOTHAN  INC.,1736 E MAIN ST,DOTHAN,AL,363013040,31.218688285088497,-85.36543453906859,3347126333,0.0,26,POINT(-85.36543453906859 31.218688285088497)
6367c78e-08e1-3639-b393-7afef082a682,JACKSONS POINT OF LIGHT FAMILY MEDICINE  INC.,1810 STADIUM DR,PHENIX CITY,AL,368673179,32.49819665273553,-85.01714595700592,3342915255,0.0,57,POINT(-85.01714595700592 32.49819665273553)
086dfff5-3e88-3d65-a349-c5280321e5b0,KINDRED HOSPICE - PHENIX CITY,3615 SOUTH RAILROAD STREET  SUITE 3,PHENIX CITY,AL,368675452,32.496957761953915,-85.04057345619412,3342988898,0.0,9,POINT(-85.04057345619412 32.496957761953915)
34841660-42f0-3441-8839-3b9613b98cbf,TOMBIGBEE HEALTHCARE AUTHORITY,105 US HIGHWAY 80 E,DEMOPOLIS,AL,36732,32.5178284,-87.8368201,3342894000,0.0,11,POINT(-87.8368201 32.5178284)
d2387c5a-78a0-3d88-abc6-e2aa1a55c8a8,OZARK HEALTH AND REHABILITATION  LLC,312 BRYAN DRIVE,OZARK,AL,363601120,31.473135901938587,-85.63619498475018,3347742561,0.0,10,POINT(-85.63619498475018 31.473135901938587)
229d6481-cada-3fa1-92de-a6da9bd8d4ea,HENDRICKS FAMILY PRACTICE  PC,2699 SANDLIN RD SW,DECATUR,AL,356017343,34.56067,-86.991128,2563010560,0.0,25,POINT(-86.991128 34.56067)
3b9dc220-d224-3401-aa47-5ed77e550134,CHISHOLM FAMILY HEALTH CARE CENTER,132 SOUTH PANAMA STREET,MONTGOMERY,AL,361101812,32.379251570053825,-86.27463880473918,3348324338,0.0,21,POINT(-86.27463880473918 32.379251570053825)
6e0df8a1-c302-35a5-85b4-d5f339213559,TALLASSEE HEALTH AND REHABILITATION  LLC,2639 GILMER AVENUE,TALLASSEE,AL,360787231,32.56976,-85.938292,3342833975,0.0,3,POINT(-85.938292 32.56976)
e9d13925-e3a4-3988-96cb-b2d325472a90,SOUTH HAMPTON NURSING & REHABILITATION CENTER,213 WILSON MANN ROAD,OWENS CROSS ROADS,AL,357638606,34.587521571428574,-86.45394342857143,2567253400,0.0,21,POINT(-86.45394342857143 34.587521571428574)
2bf5c682-859b-3798-bf4d-d10635c0618a,DALE MEDICAL CENTER,126 HOSPITAL AVE,OZARK,AL,363602018,31.4511675,-85.6320623498164,3347742601,0.0,177,POINT(-85.6320623498164 31.4511675)
bcdff0f4-9f91-3096-b6d5-55b30d8039b5,SPRINGHILL HOSPITALS INC,3719 DAUPHIN ST,MOBILE,AL,366081753,30.6847189,-88.13015691580881,2513449630,0.0,28,POINT(-88.13015691580881 30.6847189)
577f163c-a414-3f09-a4b1-7d4c3ad0218c,ST. VINCENT'S EAST,50 MEDICAL PARK DR E,BIRMINGHAM,AL,352353401,33.595315299999996,-86.66763066940506,2058385286,0.0,128,POINT(-86.66763066940506 33.595315299999996)
6306cd44-fec7-3b8a-9ec3-9f47e33e4baf,HH HEALTH SYSTEM - SHOALS  LLC,1300 S MONTGOMERY AVE,SHEFFIELD,AL,35660,34.746119,-87.70076056923517,2563864005,0.0,129,POINT(-87.70076056923517 34.746119)
e09afddd-f3aa-39b1-9a67-4eb7cead0315,DEKALB REGIONAL MEDICAL CENTER,200 MED CENTER DRIVE,FORT PAYNE,AL,359683458,34.4442547,-85.7196893,2568453150,0.0,24,POINT(-85.7196893 34.4442547)
c9ff4347-df2e-3cfc-9463-ec3141f6e094,AUBURN URGENT CARE  INC,1650A S COLLEGE ST,OPELIKA,AL,368011512,32.6454116,-85.3782795,3348213221,0.0,7,POINT(-85.3782795 32.6454116)
959bb953-87bc-3012-b8a1-ad06cdca3558,ROBERTA O WATTS NEIGHBORHOOD HEALTH CL,1117 TUSCALOOSA AVENUE,GADSDEN,AL,359013005,34.024961,-86.017565,2055464606,0.0,65,POINT(-86.017565 34.024961)
96cca139-bb3c-359d-bc22-6eac15c3368c,ARLINGTON REHABILITATION & HEALTHCARE CENTER,1020 TUSCALOOSA AVENUE  SW,BIRMINGHAM,AL,352111619,33.4960461627907,-86.84902132558139,2057886330,0.0,10,POINT(-86.84902132558139 33.4960461627907)
a8c6f3c3-2915-355a-9261-a3fc546778a5,PARKWAY MEDICAL CENTER,1160 HUFFMAN ROAD,BIRMINGHAM,AL,352157502,33.61253170173211,-86.68751590434624,2058155000,0.0,84,POINT(-86.68751590434624 33.61253170173211)
a47f54bf-67a0-33bd-a58a-4252f339f8c2,HOPE HOSPICE  INC.,651 MAIN ST STE 159,GARDENDALE,AL,350712793,33.639858,-86.809549,2055420836,0.0,1,POINT(-86.809549 33.639858)
67fdfff9-8fd2-3c15-9636-5ddfbb359afc,TALLADEGA HEALTHCARE CENTER  INC,616 CHAFFEE STREET,TALLADEGA,AL,351602809,33.4292338723532,-86.08793959478012,2563624197,0.0,3,POINT(-86.08793959478012 33.4292338723532)
98e3cb49-d048-3965-b49c-7f161362c9fb,DALE MEDICAL CENTER,126 HOSPITAL AVE,OZARK,AL,363602018,31.4511675,-85.6320623498164,3347742601,0.0,6,POINT(-85.6320623498164 31.4511675)
18cc04df-5c1d-33dc-b8cf-3581490d9c8c,ANNISTON QUALITY HEALTH CARE,1316 NOBLE STREET,ANNISTON,AL,362014643,33.661287,-85.829887,2564920131,0.0,5,POINT(-85.829887 33.661287)
5272a31e-c9c1-3683-9779-f0af80a6dc1d,NORTH JACKSON URGENT CARE LLC,42950 U.S. HIGHWAY 72,STEVENSON,AL,357725459,34.8686934,-85.83942,2564371020,0.0,1,POINT(-85.83942 34.8686934)
e688835e-8428-3d63-a7d6-3db56d026bff,ALBERTVILLE NURSING HOME,750 ALABAMA HIGHWAY 75 NORTH,ALBERTVILLE,AL,359514014,34.2675937,-86.2088669,2568781398,0.0,2,POINT(-86.2088669 34.2675937)
29035244-1d2a-377f-b5a7-5d399d331263,DIVERSICARE OF BESSEMER,820 GOLF COURSE ROAD,BESSEMER,AL,350226024,33.369460992024145,-86.99204298166926,2054255241,0.0,1,POINT(-86.99204298166926 33.369460992024145)
00e7b3d2-88df-30b7-9228-c31b73e7d57e,PROVIDENCE HOSPITAL,6801 AIRPORT BLVD,MOBILE,AL,366083709,30.679321,-88.19853998167432,2516331600,0.0,143,POINT(-88.19853998167432 30.679321)
76b53d83-b771-34d8-91f7-8cfdbbb2cdbd,SOUTHERNCARE NEW BEACON N. BIRMINGHAM,4735 NORREL DRIVE  SUITE 129,TRUSSVILLE,AL,351733606,33.64073020271678,-86.61434185783061,2059398799,0.0,1,POINT(-86.61434185783061 33.64073020271678)
04e14ae8-b30b-38fe-9f55-a1efe8e7b45c,MITCHELL-HOLLINGSWORTH NURSING & REHAB CENTER,805 FLAGG CIR,FLORENCE,AL,356303362,34.807887550000004,-87.68736268322607,2567405400,0.0,1,POINT(-87.68736268322607 34.807887550000004)
0dd69b40-8bf3-326d-9cc7-3d31ba4a6cc5,THE UNIVERSITY OF ALABAMA AT BIRMINGHAM,500 22ND ST S,BIRMINGHAM,AL,352491900,33.509335,-86.798656,2059346249,0.0,27,POINT(-86.798656 33.509335)
4dd49bf4-339f-3eac-acdc-b356a8447eab,COMFORT CARE HOSPICE OF MONTGOMERY,315 SAINT LUKES DRIVE,MONTGOMERY,AL,361177109,32.3669656,-86.3006485,3345140244,0.0,4,POINT(-86.3006485 32.3669656)
cb6200b6-d9d3-3706-b7b1-cbe7125ab935,ALABAMA HOSPICE CARE OF BIRMINGHAM,285 CALUMET PLACE  SUITE 200,TRUSSVILLE,AL,351733251,33.61402315602514,-86.62401668311651,2052280600,0.0,12,POINT(-86.62401668311651 33.61402315602514)
d99c126d-14f7-3de4-a1b8-840a7d073f68,MEDICAL CENTER ENTERPRISE,400 N EDWARDS STREET,ENTERPRISE,AL,363302510,31.318424999999998,-85.85468880157622,3343470584,0.0,87,POINT(-85.85468880157622 31.318424999999998)
96f3538e-04cf-39e4-8471-fb95fd68afb7,ST. VINCENT'S EAST,50 MEDICAL PARK DR E,BIRMINGHAM,AL,352353401,33.595315299999996,-86.66763066940506,2058385286,0.0,52,POINT(-86.66763066940506 33.595315299999996)
5e48e17c-d2df-3ad5-8e36-81bfda8d1477,IVY CREEK OF ELMORE LLC,500 HOSPITAL DR,WETUMPKA,AL,360921625,32.5526513,-86.18619537633549,3345674311,0.0,3,POINT(-86.18619537633549 32.5526513)
a0fa18c3-08aa-3148-b00f-80307dfde24a,THE EAST ALABAMA HEALTH CARE AUTHORITY,2000 PEPPERELL PKWY,VALLEY,AL,368543666,32.8187406,-85.1793852,3345281275,0.0,526,POINT(-85.1793852 32.8187406)
0100b013-cfb3-395b-9cce-4e18b947b3d2,ARBOR SPRINGS HEALTH AND REHAB CENTER  LTD,1910 PEPPERELL PKWY,OPELIKA,AL,368015440,32.638385,-85.401517,3347491471,0.0,1,POINT(-85.401517 32.638385)
2b7cd274-2621-3684-81be-4708eaaa2587,ESCAMBIA COUNTY ALABAMA COMMUNITY HOSPITALS  INC,401 MEDICAL PARK DR,ATMORE,AL,365023006,31.01701705,-87.47857661925876,2513686362,0.0,313,POINT(-87.47857661925876 31.01701705)
680fe91b-86a9-3d6b-8548-6be883ea5257,BIBB MEDICAL CENTER NURSING HOME,208 PIERSON AVE,CENTREVILLE,AL,350422918,32.9513204,-87.14820513875142,2059263308,0.0,1,POINT(-87.14820513875142 32.9513204)
12d841e6-c4ee-3b73-bbe8-b4ff41eb152f,ACTS RETIREMENT-LIFE COMMUNITIES INC,1 CROWN CIR,HUNTSVILLE,AL,358025015,34.667309,-86.583224,2566505714,0.0,1,POINT(-86.583224 34.667309)
ada45fbf-9ea8-383d-9aca-c9a57d48e1db,CHRIST HEALTH CENTER INC,2152 OLD SPRINGVILLE RD,CENTER POINT,AL,352154005,33.641305900000006,-86.65776258376242,2053809455,0.0,105,POINT(-86.65776258376242 33.641305900000006)
6aadf583-fa08-35cf-814f-06dd7f260db4,FLOYD CHEROKEE MEDICAL CENTER LLC,400 NORTHWOOD DR,CENTRE,AL,359601023,34.162022199999996,-85.65113600927694,2569271301,0.0,25,POINT(-85.65113600927694 34.162022199999996)
2d92c2f8-1e85-374b-913a-309efbad648c,AMEDISYS HOME HEALTH OF FOLEY,200 WEST LAUREL AVENUE  SUITE 210,FOLEY,AL,365351919,30.406515,-87.685156,8007636382,0.0,6,POINT(-87.685156 30.406515)
39e11039-18af-3da2-bc68-685d59ebadb8,COMFORT CARE HOME HEALTH OF ALABASTER,1140 1ST STREET N  STE 200,PELHAM,AL,351242303,33.285669,-86.8099884,2056850421,0.0,20,POINT(-86.8099884 33.285669)
a9989711-ee85-3ecc-8bcb-47dacc25ad11,CHILTON FAMILY MEDICINE  P.C.,107 HEALTH CENTER DR,CLANTON,AL,350452344,32.85613155271531,-86.62282634555788,2052801010,0.0,13,POINT(-86.62282634555788 32.85613155271531)
14669966-030c-3154-8d71-c7f36d4844fd,MAGNOLIA MEDICAL LLC,2820 AL HIGHWAY 68 W,SANDROCK,AL,359834200,34.280984,-86.308853,2053864341,0.0,22,POINT(-86.308853 34.280984)
71e96099-a326-3262-a38b-41169fc90dc7,ST VINCENTS CHILTON LLC,2030 LAY DAM RD,CLANTON,AL,350458344,32.8764654112773,-86.6236554749548,2058385286,0.0,43,POINT(-86.6236554749548 32.8764654112773)
7949f7ad-667e-3e6e-a936-e9f0dbbe061e,VALLEY MEDICAL AND URGENT CARE  LLC,1110 E 6TH ST STE D,MUSCLE SHOALS,AL,356613957,34.7436791,-87.6532615,2563978842,0.0,2,POINT(-87.6532615 34.7436791)
b5067601-4bc7-31fb-9e4f-1dda0e5e50e1,KIDS CLINIC PEDIATRIC AND ADOLESCENT MEDICINE,101 STEPHEN J WHITE MEMORIAL BLVD,TALLADEGA,AL,351602106,33.62664,-85.882606,2053825447,0.0,28,POINT(-85.882606 33.62664)
eab7ee22-94ba-30d9-a4c7-b3abc075e0c8,WHATLEY HEALTH SERVICES INC,3601 STILLMAN BLVD,TUSCALOOSA,AL,354012601,33.20086,-87.585959,2057522062,0.0,48,POINT(-87.585959 33.20086)
3abb4e2b-a400-3d68-99cd-247ae8a432b8,URGENT CARE  P.C.,3143 PELHAM PKWY STE 100,PELHAM,AL,351242028,33.287726,-86.810503,2056202273,0.0,8,POINT(-86.810503 33.287726)
a67b1e17-eb80-36f8-a3b1-ac4c47e430d4,ST VINCENTS AMBULATORY HEALTHCARE NETWORK LLC,7191 CAHABA VALLEY RD STE 102,BIRMINGHAM,AL,352426507,33.425189921163096,-86.66915972500088,2054086600,0.0,52,POINT(-86.66915972500088 33.425189921163096)
4578c543-41a4-3cba-b1f6-b6a2c89e99bd,MEDHEALTH URGENT CARE LLC,2908 MCGEHEE RD,MONTGOMERY,AL,361112103,32.33763039164318,-86.26245389744497,3342299955,0.0,4,POINT(-86.26245389744497 32.33763039164318)
a9555f22-47cf-3181-9ecd-4b21a487c9fd,COMMUNITY HOSPITAL INC,805 FRIENDSHIP RD,TALLASSEE,AL,360781234,32.534988,-85.910695,3342833734,0.0,21,POINT(-85.910695 32.534988)
b81810d5-20ac-3370-95c8-da305e968c1a,RIVERCHASE URGENT CARE,1926 HIGHWAY 31 S,BIRMINGHAM,AL,352441141,33.5206824,-86.8024326,2059998583,0.0,1,POINT(-86.8024326 33.5206824)
2302ef97-fb06-33dd-b2fb-b714e9a78736,FAMILY MEDICINE ASSOCIATES OF EAST ALABAMA  P.C.,122 N 20TH ST BLDG 24,OPELIKA,AL,368015442,32.6454116,-85.3782795,3347454646,0.0,35,POINT(-85.3782795 32.6454116)
bacbb246-4bcf-352a-afea-449ca1e38d30,IVY CREEK OF TALLAPOOSA LLC,201 MARIARDEN RD,DADEVILLE,AL,368536244,32.8187446,-85.74108716258237,2568257821,0.0,45,POINT(-85.74108716258237 32.8187446)
23ea6d78-a8ea-3a98-a00a-29f48edbd9b8,INTERNAL MEDICINE PARTNERS  PC,1501 7TH ST SE,DECATUR,AL,356013378,34.59124223333333,-86.96772608333333,2563506182,0.0,37,POINT(-86.96772608333333 34.59124223333333)
7e7c307f-f827-3c92-819c-cab442d4ecbc,INTEGRATED WELLNESS PROVIDERS  PC,3847 OLD US HIGHWAY 278 E,HOKES BLUFF,AL,359037507,33.9981546,-85.8663574,2564945053,0.0,58,POINT(-85.8663574 33.9981546)
9c679268-a54a-315c-a8c4-ae2b9329895b,WELLNESS AND WEIGHT LOSS,4735 NORREL DR,TRUSSVILLE,AL,351733604,33.64073020271678,-86.61434185783061,2056559355,0.0,31,POINT(-86.61434185783061 33.64073020271678)
001f96ba-a42c-3433-b63a-c763ee2d44e3,ALLEGRA HEALTHCARE,1116 MITT LARY RD,NORTHPORT,AL,354754978,33.301889,-87.575048,2055565634,0.0,63,POINT(-87.575048 33.301889)
a2d9cea1-f6ac-3396-8718-d0e9b1eb2ff3,EAST GLEN  LLC,53 MEDICAL PARK DRIVE EAST,BIRMINGHAM,AL,352353402,33.5977313,-86.6645124,2058364231,0.0,3,POINT(-86.6645124 33.5977313)
54f918ff-b729-339e-9f2e-8b86c0674f40,KREUTZMANN MEDICAL CLINIC,359 JAMES ST,OZARK,AL,363602014,31.45225908333333,-85.63320904166666,3347747572,0.0,49,POINT(-85.63320904166666 31.45225908333333)
a5292051-bd58-3cfb-82ff-8f7195671a33,GREATER MOBILE URGENT CARE,2350 SCHILLINGER ROAD SOUTH,SEMMES,AL,365755409,30.778688,-88.2588427,2516330123,0.0,2,POINT(-88.2588427 30.778688)
3197ed94-a2bb-3adc-9756-a76b34f775ba,KINDRED AT HOME,118 6TH STREET SOUTH,CLANTON,AL,350453540,32.83846390281033,-86.62928412255421,2057559926,0.0,5,POINT(-86.62928412255421 32.83846390281033)
053ff3d4-a68e-39fe-8314-c06491e10c6e,SE AL RURAL HEALTH ASSOC/NEWTON MED CT,201 OATES STREET,NEWTON,AL,36352,31.1551367,-85.4022835,3342993592,0.0,43,POINT(-85.4022835 31.1551367)
dd7f4a9c-c377-3ca5-9e77-803eb78106f8,FLOWERS HOSPITAL,4370 WEST MAIN STREET,DOTHAN,AL,363051056,31.2383406,-85.4566177702574,3347935000,0.0,4,POINT(-85.4566177702574 31.2383406)
8e7e1f3a-742d-302d-ad7a-221c2977d948,LAUREL OAKS BEHAVIORAL HEALTH CENTER,700 EAST COTTONWOOD RD,DOTHAN,AL,363013644,31.20387685,-85.38423213526934,3347947373,0.0,51,POINT(-85.38423213526934 31.20387685)
20ba1d56-06e3-31d6-85f3-b7a9bba5d34d,STRINGFELLOW CAMPUS OF NORTHEAST RMC,301 E 18TH ST,ANNISTON,AL,362073952,33.668161,-85.82380499027312,2562358900,0.0,11,POINT(-85.82380499027312 33.668161)
55851e18-097e-3257-bdfc-eb79bdfa51b2,APEX MEDICAL CARE SERVICES OF ALABAMA  LLC,114 MILL CREEK RD,PLEASANT GROVE,AL,351271962,33.4909405,-86.9702714,2054913299,0.0,29,POINT(-86.9702714 33.4909405)
2ce2985e-3a47-3ac8-86be-fdcec2f3c952,KINDRED AT HOME,2100 RIVERCHASE CTR  STE 450,MCCALLA,AL,351113460,33.3062319,-87.0241656,2057397800,0.0,24,POINT(-87.0241656 33.3062319)
91150545-1c1a-3059-9ad2-a1748f78d932,HOS ABC LLC,266 INDUSTRIAL DR,RAINSVILLE,AL,359864462,34.4942536,-85.8477494,8668478660,0.0,1,POINT(-85.8477494 34.4942536)
5d4b6ec0-95c0-37df-a088-4c0db9775768,ST. VINCENT'S EAST,50 MEDICAL PARK DR E,BIRMINGHAM,AL,352353401,33.595315299999996,-86.66763066940506,2058383103,0.0,273,POINT(-86.66763066940506 33.595315299999996)
8d681261-7b22-3491-9d3e-9fc349e4933d,Selma Outpatient Clinic,206 Vaughan Memorial Drive,Selma,AL,36701,32.4833,-86.9982,205-554-2000 X 6601 Or 205-554-2000 X 6607,0.0,267,POINT(-86.9982 32.4833)
2fa6f59f-e1ee-3153-b39a-cdd19ab10816,CROWNE HEALTH CARE OF MONTGOMERY  LLC,1837 UPPER WETUMPKA RD,MONTGOMERY,AL,361071333,32.385966,-86.282519,3342648416,0.0,2,POINT(-86.282519 32.385966)
3a360af7-f3ea-34ea-b5ce-61e4bbe37b9e,URGENT CARE OF ALABAMA LLC,210 FIELDSTOWN RD,GARDENDALE,AL,350712418,33.65168882653061,-86.81261301020409,2052858252,0.0,1,POINT(-86.81261301020409 33.65168882653061)
acd48612-6ee9-3d3c-a74c-d634dd50812f,MONTGOMERY PEDIATRIC ASSOC  P.A.,420 COTTON GIN RD,CLANTON,AL,350452305,32.8387371,-86.6294262,3342609129,0.0,34,POINT(-86.6294262 32.8387371)
65bfc998-33c1-3978-86e7-ace1477fc2e8,THE HEALTH CARE AUTHORITY FOR BAPTIST HEALTH  AN AFFILIATE OF UABHS,400 TAYLOR RD,MONTGOMERY,AL,361173555,32.38793087577623,-86.17603444768903,3342448500,0.0,56,POINT(-86.17603444768903 32.38793087577623)
967a8e1c-4a1c-3563-9d42-46f6be3fc0d6,INTERNAL MEDICINE ASSOCIATES OF DOTHAN  P.A.,210 WESTSIDE DR,DOTHAN,AL,363031928,31.237969449375903,-85.45280775034493,3347935074,0.0,11,POINT(-85.45280775034493 31.237969449375903)
691283ce-8ad4-39de-bcf5-5b5cfe91f577,DEKALB CLINIC,415 MEDICAL CENTER DR SW,FORT PAYNE,AL,359683421,34.439516252461196,-85.75573519014289,2569972820,0.0,7,POINT(-85.75573519014289 34.439516252461196)
4b1136ce-141f-3879-95f3-ae160a224fd7,OAKS ON PARKWOOD SKILLED NURSING FACILITY,2625 LAUREL OAK DRIVE,BESSEMER,AL,350225440,33.4017766,-86.954437,2054974520,0.0,4,POINT(-86.954437 33.4017766)
6bef26ce-825a-38c0-8000-d68926f0f21b,DIVERSICARE LEASING CORP.,700 HUTCHINS AVE,GADSDEN,AL,359011876,34.04186712565195,-85.95930386543753,2565437101,0.0,1,POINT(-85.95930386543753 34.04186712565195)
b0affc2b-478a-342a-8979-66555b40efe0,COMMUNITY URGENT CARE OF FULTONDALE  INC,3477 LOWERY PKWY STE 137,FULTONDALE,AL,350681737,33.6049196,-86.8072177,2053796040,0.0,2,POINT(-86.8072177 33.6049196)
14b4c57d-54cd-37bd-a53d-f6a5834c4dc3,THE HEALTH CARE AUTHORITY OF THE CITY OF HUNTSVILLE,101 SIVLEY RD SW,OWENS CROSS ROADS,AL,357638753,34.5881461,-86.4588768,2562651000,0.0,298,POINT(-86.4588768 34.5881461)
6a27ffbc-0a1b-3b1a-89b6-1844220baa86,LIGHTHOUSE REHABILITATION & HEALTHCARE CENTER,2911 EARL GOODWIN PARKWAY,SELMA,AL,367032825,32.43841556122449,-87.01442367346938,3348751868,0.0,1,POINT(-87.01442367346938 32.43841556122449)
728af2f8-ff4e-3e91-8434-9aa79b860dab,AFFINITY HOSPITAL LLC,3690 GRANDVIEW PKWY,BIRMINGHAM,AL,352433326,33.43373785,-86.71846059473762,2059711000,0.0,23,POINT(-86.71846059473762 33.43373785)
b36a1795-73b3-33d4-9ea3-56381ac142eb,AFFINITY HOSPITAL LLC,3690 GRANDVIEW PKWY,BIRMINGHAM,AL,352433326,33.43373785,-86.71846059473762,2059711000,0.0,140,POINT(-86.71846059473762 33.43373785)
a0a1b59a-5464-3109-81a6-901094238837,CYPRESS COVE CARE CENTER,200 ALABAMA AVENUE,MUSCLE SHOALS,AL,356613102,34.742866,-87.638412,2563814330,0.0,3,POINT(-87.638412 34.742866)
2e4f4bd1-7a6c-37d4-bc75-11d304a45f3b,THE HEALTH CARE AUTHORITY OF THE CITY OF HUNTSVILLE,101 SIVLEY RD SW,HUNTSVILLE,AL,358014421,34.7205801,-86.58101733422603,2562651000,0.0,10,POINT(-86.58101733422603 34.7205801)
2d6a2ff0-53e9-3b65-905e-f5f4aae7c5db,ALABAMA FAMILY MEDICAL CENTER LLC,1718 VETERANS MEMORIAL PKWY,TUSCALOOSA,AL,354044708,33.197178,-87.479308,2055531900,0.0,30,POINT(-87.479308 33.197178)
29e3da40-29d3-3bc9-846c-256ee39faae7,LEGACY HEALTH AND REHABILITATION OF PLEASANT GROVE,30 7TH STREET,PLEASANT GROVE,AL,351271962,33.48961979809595,-86.95731405706098,2057448226,0.0,2,POINT(-86.95731405706098 33.48961979809595)
413eff3d-152e-3246-8391-506523c87273,TWILIGHT AFTER HOURS URGENT CARE LLC,151 N 20TH ST,OPELIKA,AL,368015423,32.63607531107101,-85.40370166807118,3342031777,0.0,2,POINT(-85.40370166807118 32.63607531107101)
4e377184-79c8-3633-a0c7-7435c31f4899,JOHN KNOX MANOR INC II,4401 NARROW LANE RD,MONTGOMERY,AL,361162953,32.322758,-86.281957,3342816336,0.0,2,POINT(-86.281957 32.322758)
d66773da-82a0-3a6e-8b42-7f47cae0fb53,HOMECARE OF EAST ALABAMA MEDICAL CENTER,1661 SHUG JORDAN PKWY  UNIT 505,AUBURN,AL,368300258,32.577663,-85.497818,3348263131,0.0,3,POINT(-85.497818 32.577663)
15dfb1d1-4a5f-34e3-9fdd-4e8ea0795bc2,DALE MEDICAL CENTER,218 HOSPITAL AVE STE B,OZARK,AL,363608566,31.45074819778209,-85.63107019055163,3344454803,0.0,42,POINT(-85.63107019055163 31.45074819778209)
fc531861-e111-3000-a72c-ecfbc54228eb,G & G MEDICAL CARE INC.,5152 COLONIAL PARK RD,HELENA,AL,350803395,33.2937354,-86.93437519805573,2056854870,0.0,91,POINT(-86.93437519805573 33.2937354)
162bff75-c29e-3fc5-a0a1-20cbb0a874db,HEALTH SERVICES INC,3350 S COURT ST,MONTGOMERY,AL,361051606,32.34774760377035,-86.30837289493587,3342633623,0.0,12,POINT(-86.30837289493587 32.34774760377035)
05c7ee17-cfb8-3b84-b3af-dad41f512c1d,THE DCH HEALTHCARE AUTHORITY,2700 HOSPITAL DR,NORTHPORT,AL,354763360,33.2347532,-87.57095112277796,2053303227,0.0,86,POINT(-87.57095112277796 33.2347532)
44823a41-abe1-381a-b05f-d93326490461,JACKSON COUNTY HEALTH CARE AUTHORITY,380 WOODS COVE RD,SCOTTSBORO,AL,357694161,34.66148285,-86.04827417427157,2562594444,0.0,48,POINT(-86.04827417427157 34.66148285)
f28106e2-cdbf-3065-a380-89dfccbdf42d,SHELBY BAPTIST MEDICAL CENTER,1000 FIRST STREET NORTH,PELHAM,AL,351241323,33.285669,-86.8099884,2056208100,0.0,1,POINT(-86.8099884 33.285669)
02df3024-3fdd-39e8-a23b-f3068828bfef,COMMUNITY HOSPITAL INC,805 FRIENDSHIP RD,TALLASSEE,AL,360781234,32.534988,-85.910695,3342836541,0.0,2,POINT(-85.910695 32.534988)
4081f870-4ace-3b97-bd4c-650878cc7ca8,MOUNTAIN VIEW HOSPITAL,3001 SCENIC HWY,GADSDEN,AL,359043047,34.0725154,-86.0196571,2565469265,0.0,88,POINT(-86.0196571 34.0725154)
a8127f65-0cda-357a-be4a-16e064f460f5,COMMUNITY URGENT CARE OF HARTSELLE INC,1635 HIGHWAY 31 NW,HARTSELLE,AL,356404426,34.4435937,-86.9347899,2567730110,0.0,2,POINT(-86.9347899 34.4435937)
c2544cf6-b8be-3f15-bfc0-b7983295cde9,SCOTTSBORO FAMILY PHYSICIANS,1302 SOUTH BROAD STREET,STEVENSON,AL,357723781,34.8686934,-85.83942,2562184080,0.0,33,POINT(-85.83942 34.8686934)
dcf892ad-877d-3433-ad2c-9951a9578cc6,COMPREHENSIVE PRIMARY & URGENT CARE OF ALABAMA  LLC,707 W MARKET ST,ATHENS,AL,356112463,34.8045487,-86.9711698,2567770000,0.0,7,POINT(-86.9711698 34.8045487)
5d533487-b4b5-36ca-9919-364fb3906f9a,KIDS 1ST PEDIATRICS  LLC,23800 JOHN T REID PKWY,SCOTTSBORO,AL,357682841,34.645001,-86.041654,2569990808,0.0,25,POINT(-86.041654 34.645001)
7341b088-ca75-30bc-b47c-1281f630a07b,DECATUR HEALTH & REHAB CENTER,2326 MORGAN AVENUE SOUTHWEST,DECATUR,AL,356016244,34.569793500018626,-87.0079224796504,2563405765,0.0,1,POINT(-87.0079224796504 34.569793500018626)
33d7e572-6b18-34c2-9c86-b021976cd981,MARENGO NURSING HOME,608 NORTH MAIN STREET,LINDEN,AL,367481221,32.31292,-87.7986221,3342958631,0.0,26,POINT(-87.7986221 32.31292)
3356be1b-2d0d-3a90-9b9e-745a7f2b08de,ENCOMPASS HEALTH REHABILITATION HOSPITAL OF SHELBY COUNTY  LLC,900 OAK MOUNTAIN COMMONS LANE,PELHAM,AL,35124,33.2840057,-86.7981238,2059677116,0.0,233,POINT(-86.7981238 33.2840057)
5006c27e-e774-35a7-a0e2-b95760ad8445,GADSDEN REGIONAL HOME HEALTH,300 MEDICAL CENTER DRIVE  SUITE 403,GADSDEN,AL,359031157,34.010929,-85.9989596,2565382273,0.0,15,POINT(-85.9989596 34.010929)
2d6198f5-3cd9-3090-867e-58a138f390d7,CHASE MEDICAL CLINIC LLC,5107 MOORES MILL RD,HUNTSVILLE,AL,358111007,34.7953984,-86.536337,2568517190,0.0,34,POINT(-86.536337 34.7953984)
6e4c84de-69b3-3299-b993-90d294a01057,THE UNIVERSITY OF ALABAMA AT BIRMINGHAM,500 22ND ST S,BIRMINGHAM,AL,352491900,33.509335,-86.798656,2059346249,0.0,2,POINT(-86.798656 33.509335)
6b019d13-5526-352a-b8ba-575caed23f82,ALETHEIA HOUSE  INC.,2201 ARLINGTON AVE,BESSEMER,AL,350204221,33.403549860000005,-86.94641756,2053246502,0.0,46,POINT(-86.94641756 33.403549860000005)
72fb31ac-ffe4-3f53-b10b-4b67c8359c3b,GROVE HILL MEMORIAL HOSPITAL,295 JACKSON HWY S,GROVE HILL,AL,364513231,31.3882223,-87.6547143,2512753191,0.0,17,POINT(-87.6547143 31.3882223)
45d803e0-1ae0-3145-bb11-42c538ac8caa,PARKWAY FAMILY PRACTICE,2834 MOODY PKWY,MOODY,AL,350043101,33.589926640659236,-86.49730397926695,2056402808,0.0,30,POINT(-86.49730397926695 33.589926640659236)
9ef98d2a-54d8-3f12-97c8-c1e1b9521047,NOLAND HOSPITAL MONTGOMERY II  LLC,1725 PINE STREET 5TH FLOOR NORTH WING,MONTGOMERY,AL,361061109,32.3669656,-86.3006485,3342400532,0.0,34,POINT(-86.3006485 32.3669656)
f52f9253-66ea-38d6-b8a6-414849014a02,DIVERSICARE OF LANETT,702 SOUTH 13TH STREET,LANETT,AL,368632834,32.85765073465963,-85.19875665290027,3346441111,0.0,7,POINT(-85.19875665290027 32.85765073465963)
e77594d5-4d37-3dfd-9e60-12de869b6a1f,GULF HEALTH HOSPITALS INC,1815 HAND AVE,BAY MINETTE,AL,365074110,30.90380695,-87.78495512441062,2514352290,0.0,29,POINT(-87.78495512441062 30.90380695)
0da6b3db-ef7a-3e17-bcf3-3dbee5107336,THE VILLAGE MEDICAL CLINIC,2103 DRAKE AVE SW,HUNTSVILLE,AL,358055107,34.705304985647444,-86.59232854789455,2568811616,0.0,25,POINT(-86.59232854789455 34.705304985647444)
e656fdae-d6ee-3d8c-ab2d-f1284c97f797,ALTAPOINTE HEALTH SYSTEMS INC,5800 SOUTHLAND DR,MOBILE,AL,366933313,30.624372100000002,-88.17744449347725,2516627290,0.0,55,POINT(-88.17744449347725 30.624372100000002)
20716549-ff5e-3e46-9e58-e26f075f0ea9,THE DCH HEALTHCARE AUTHORITY,2700 HOSPITAL DR,NORTHPORT,AL,354763360,33.2347532,-87.57095112277796,2053334330,0.0,160,POINT(-87.57095112277796 33.2347532)
ec1ac56b-b5b4-3001-bbe6-200f8a269134,ALLSOUTH URGENT CARE CLINIC  INC.,1052 ROSS CLARK CIRCLE,DOTHAN,AL,363031880,31.218238934353963,-85.36111044067542,3346993600,0.0,12,POINT(-85.36111044067542 31.218238934353963)
93dc9800-56e0-36a9-9a15-6ff8b24433c8,MONTGOMERY EAST FAMILY PRACTICE PC,470 TAYLOR RD STE 310,MONTGOMERY,AL,361177109,32.388101874657295,-86.17600018315474,3342444322,0.0,52,POINT(-86.17600018315474 32.388101874657295)
88f7a92a-e4fb-3bc0-9d03-e02a6f94e25d,MAGNOLIA RIDGE,420 DEAN DRIVE,GARDENDALE,AL,350712763,33.6601033,-86.8127702,2056318709,0.0,18,POINT(-86.8127702 33.6601033)
b5cc4926-c330-3acc-bcb9-0328aa8bd807,NORTH BALDWIN INFIRMARY,1815 HAND AVENUE,MOBILE,AL,366073515,30.746675207660903,-88.11366136084366,2519375521,0.0,80,POINT(-88.11366136084366 30.746675207660903)
b9e6f1db-eeed-3a51-b407-fee66a95b7c7,JERRY MCLANE INTERNAL MEDICINE LLC,1088 9TH AVE SW,MCCALLA,AL,35211,33.3062319,-87.0241656,2054245664,0.0,29,POINT(-87.0241656 33.3062319)
b2a9ebcf-eab9-3c5a-ad30-8915b9581987,OAKWOOD-NORTH BALDWIN'S CENTER FOR LIVING,2010 MEDICAL CENTER DRIVE,BAY MINETTE,AL,365074163,30.8759255,-87.77662115703666,2519373501,0.0,1,POINT(-87.77662115703666 30.8759255)
8b2ccd67-23c7-3c41-b22a-278fcaeec85b,WETUMPKA URGENT CARE LLC,11 CAMBRIDGE DRIVE,WETUMPKA,AL,360931261,32.5437448,-86.2119127,3345678633,0.0,5,POINT(-86.2119127 32.5437448)
7148a046-835d-3901-9ca1-04577bd9dbd2,MERIT HEALTH CARE  PC,729 BATTLE ST E,TALLADEGA,AL,351602445,33.43798625510204,-86.08647267346939,2567612955,0.0,37,POINT(-86.08647267346939 33.43798625510204)
a69c9aa7-26e6-3ff6-9356-d28dae9e1363,FAMILY PRACTICE CLINIC OF DOTHAN  P.A.,1812 E MAIN ST,DOTHAN,AL,363032151,31.21834214111208,-85.36461012539975,3347948771,0.0,31,POINT(-85.36461012539975 31.21834214111208)
61580f60-f3aa-37d6-9a5e-0516ca422cad,PHYSICIANS MEDICAL CENTER  LLC,1600 CARRAWAY BLVD,BIRMINGHAM,AL,352341913,33.536346,-86.809722,2055026000,0.0,297,POINT(-86.809722 33.536346)
9795debf-eee6-3826-8c7d-c226fea4e71f,THE HEALTHCARE AUTHORITY OF THE CITY OF HUNTSVILLE,700 AIRPORT RD SW STE F,HUNTSVILLE,AL,358024360,34.691285,-86.572705,2562650770,0.0,36,POINT(-86.572705 34.691285)
0cd31905-1338-37bf-92db-5ba0f0cd5e53,CHILTON URGENT CARE LLC,1210 7TH ST S,CLANTON,AL,350453724,32.82246468441221,-86.61598670481422,2052800620,0.0,1,POINT(-86.61598670481422 32.82246468441221)
7209b9c9-f200-3732-9899-2196feb7d200,FAIR HAVEN,1424 MONTCLAIR ROAD,IRONDALE,AL,352102208,33.529387,-86.712694,2059564150,0.0,6,POINT(-86.712694 33.529387)
667b8693-704e-3bbc-8852-db5d2de1f128,DECATUR FAMILY MEDICINE PC,1215 7TH STREET SE,DECATUR,AL,356013304,34.5911215592312,-86.97244706191098,2563061655,0.0,59,POINT(-86.97244706191098 34.5911215592312)
