id,organization,name,gender,speciality,address,city,state,zip,lat,lon,utilization,location
79a33342-99b9-303b-884e-bc98c0f068b6,3e43d1f2-47b3-3319-a5e2-39efaddaa57a,Josef103 Klein929,M,GENERAL PRACTICE,701 PRINCETON AVE SW,BIRMINGHAM,AL,352111303,33.4985462,-86.8447172,131,POINT(-86.8447172 33.4985462)
ed8d47fd-1636-3d53-b992-5803ab21e21d,b1a55794-9542-3f9c-9919-557461a6f52d,Manda751 Hamill307,F,GENERAL PRACTICE,429 BUFORD L ROLIN DR,ATMORE,AL,365025025,31.0237921,-87.4938708,108,POINT(-87.4938708 31.0237921)
e84fae1f-6444-383b-9d28-ca571f9a4a28,0454e1bb-e719-3658-a9ae-be3b88455c92,Jenny686 McDermott739,F,GENERAL PRACTICE,300 PLAZA DRIVE,ENTERPRISE,AL,363303311,31.267787,-85.812626,2,POINT(-85.812626 31.267787)
2af72f61-3186-3f57-bd0a-3f401e801b5f,d7e99834-9914-36bc-ad1f-e9b2ae9891ff,Porsche32 Hermiston71,F,GENERAL PRACTICE,15582 HWY 280,CHELSEA,AL,350438359,33.357650500000005,-86.65786878409091,2,POINT(-86.65786878409091 33.357650500000005)
bd8ae829-88aa-3e3e-a8d5-4f4b8d938ef2,9b06438b-9cca-3894-9779-8352b675a166,Gino587 Block661,M,GENERAL PRACTICE,1200 W MAPLE AVE,GENEVA,AL,363401642,31.0489116,-85.89202133403035,29,POINT(-85.89202133403035 31.0489116)
8455f704-a6e5-38cc-a266-02cd8162b339,e1878b34-b375-3b55-8b16-72ca5b23e2a8,Genevie117 Kassulke119,F,GENERAL PRACTICE,2801 WILLENA AVE,MONTGOMERY,AL,361071055,32.398911,-86.278553,28,POINT(-86.278553 32.398911)
def1c488-e634-3a81-9dea-ab3238d8e9c2,89770288-73d9-356e-8931-aaa1098fe7e5,Eleanore671 Erdman779,F,GENERAL PRACTICE,207 FOB JAMES DRIVE,VALLEY,AL,36854,32.816548346938774,-85.18925708163266,15,POINT(-85.18925708163266 32.816548346938774)
3dd16f8e-507c-35ad-aa0b-79faa7884d7b,0ffa22ac-06dd-3ecc-aef4-09b7f081f884,Felice694 Auer97,F,GENERAL PRACTICE,1988 FAIRVIEW AVENUE,PRATTVILLE,AL,360665215,32.483886276131656,-86.41457870164865,1,POINT(-86.41457870164865 32.483886276131656)
66ab812d-a465-30ed-af37-495b856d5c2a,9b62d2a3-c0f6-3caf-9993-c6d2fa370164,Joslyn677 Friesen796,F,GENERAL PRACTICE,5511 HIGHWAY 280 STE 223,HOMEWOOD,AL,352092650,33.4717732,-86.8008228,19,POINT(-86.8008228 33.4717732)
7954321d-74c2-38ba-bbfd-750f00bc6ed7,87d97417-cd57-3b53-b161-e8ac39c5bf1f,Paul232 Daugherty69,M,GENERAL PRACTICE,2100 SOUTHBRIDGE PKWY  SUITE 480,BIRMINGHAM,AL,35209,33.4897169,-86.7881762,2,POINT(-86.7881762 33.4897169)
3c82192c-7f94-3ed4-aa3c-471ec4258bfd,71dc433a-37c5-3884-8bc1-d5023ec27b2d,Lynn917 Cassin499,F,GENERAL PRACTICE,3316 HIGHWAY 280,ALEXANDER CITY,AL,350103369,32.944012,-85.9538532,15,POINT(-85.9538532 32.944012)
0c304393-a301-3e9a-be84-8d687a3189f3,cd530c35-07c4-39f2-864f-e39ac68e50c1,Carisa395 Kutch271,F,GENERAL PRACTICE,995 9TH AVE SW,BESSMER,AL,350224527,33.497139,-86.8765717,29,POINT(-86.8765717 33.497139)
1a98e96f-93de-3130-bcac-399eea662f58,180c723a-bd7d-3453-871a-1153b8a3d16e,Vanna750 Schuster709,F,GENERAL PRACTICE,157 MARSHALL ROAD,RAINSVILLE,AL,359864542,34.4840922135319,-85.81958252807092,39,POINT(-85.81958252807092 34.4840922135319)
28ba4ed8-6f8c-30ac-b5f1-9cf3f8b64ece,491921a5-76fc-3554-bd4a-2bd2ca869974,Annabell933 Schuppe920,F,GENERAL PRACTICE,101 WESTOVER CIR,MADISON,AL,357588959,34.678503375934156,-86.7549476329108,24,POINT(-86.7549476329108 34.678503375934156)
5869045c-2d32-32ac-b27d-c75cd3ef7851,1d2ce9ea-3458-3c31-8907-d6b7798feee5,Denise470 Hegmann834,F,GENERAL PRACTICE,236 WEST CLAIBORNE STREET,MONROEVILLE,AL,364601704,31.526814,-87.3280188,3,POINT(-87.3280188 31.526814)
ce95c8f1-7731-3bc8-90f7-5d209702e84e,61d37d4b-e7a8-34b2-94a2-2828e637961b,Ty725 Roob72,M,GENERAL PRACTICE,3605 RATLIFF RD,BIRMINGHAM,AL,352104512,33.54401407985391,-86.63249975642263,2,POINT(-86.63249975642263 33.54401407985391)
b5477043-6dd3-3ee6-95c3-b20341625d28,c83d0bda-679f-3d5e-b51f-cf7bee8612bf,Lyman173 Gulgowski816,M,GENERAL PRACTICE,1130 HALE ST,OXFORD,AL,362032444,33.60854278538551,-85.8297077930352,1,POINT(-85.8297077930352 33.60854278538551)
81a01e65-7ffc-38cf-ab51-36b02cd4d746,42efb859-ae8e-3ac4-853e-91b1183af863,Lang846 Koss676,F,GENERAL PRACTICE,950 SOUTH ST. ANDREWS STREET,DOTHAN,AL,363023684,31.21130686287808,-85.39053687198802,8,POINT(-85.39053687198802 31.21130686287808)
788744bc-2a71-348d-9034-cf1991b76047,a340798a-c604-3365-8d55-3ce31d9d23dc,Chelsea317 Christiansen251,F,GENERAL PRACTICE,107 GOVERNORS DR SW,HUNTSVILLE,AL,358014326,34.71985739778079,-86.5794341714089,16,POINT(-86.5794341714089 34.71985739778079)
b4303579-c05d-3e26-a179-cafc5e32ea6e,43f2d4e8-a317-3da2-b51d-e4191be92d6d,Wade235 Toy286,M,GENERAL PRACTICE,277 HUNTRESS STREET,WETUMPKA,AL,360923342,32.5065099,-86.2147715,12,POINT(-86.2147715 32.5065099)
4c8bab87-ea5c-3e49-9c2c-5cf353d4647d,88eebcaa-37fd-3d62-8375-9df9ebb5988b,Gabriel934 Kling921,M,GENERAL PRACTICE,22969 HIGHWAY 25,COLUMBIANA,AL,350513502,33.1781718,-86.6072054,1,POINT(-86.6072054 33.1781718)
e01e059b-b23c-3f93-82d7-c776082a5c40,f14efc0e-b676-3bd1-850d-6827bc27d39c,Chris95 Kub800,F,GENERAL PRACTICE,417 19TH STREET ENSLEY,BIRMINGHAM,AL,352181601,33.51352676,-86.89782584000001,28,POINT(-86.89782584000001 33.51352676)
ca7038ad-38ce-3880-afd5-555d2ca5ec12,0ee27bb1-1f24-31ca-8bfc-00c253ab1831,Siobhan540 Robel940,F,GENERAL PRACTICE,1000 DUGAN AVE,BIRMINGHAM,AL,352144326,33.546116,-86.881078,1,POINT(-86.881078 33.546116)
d0005af3-d2e1-3750-96d2-4fdb0029c05d,07c86d2b-6e61-3dec-a2f3-b067aa25bb63,Leana211 Wehner319,F,GENERAL PRACTICE,619 E LAUREL AVE,FOLEY,AL,365353301,30.40692,-87.668535,28,POINT(-87.668535 30.40692)
bc860950-d38e-37e6-a67f-0783dcb1e151,f8fbba1c-1f64-3068-829d-d3b82b2c7925,Micki733 Hayes766,F,GENERAL PRACTICE,715 E LAUREL ST,ATMORE,AL,365023113,31.01619085714286,-87.47632614285713,2,POINT(-87.47632614285713 31.01619085714286)
1a383c76-ffab-3689-8697-e4743450f92b,1a1d3dec-f88b-3973-a7ac-13e31e298d98,Cristina921 Ortiz186,F,GENERAL PRACTICE,7552 SPANISH FORT BLVD,SPANISH FORT,AL,365275314,30.67046498709537,-87.89433652552346,13,POINT(-87.89433652552346 30.67046498709537)
aa076c1c-e704-369d-ab3c-651446f1b2f4,b2363187-117f-3afc-8020-9ef5e24f45c6,Johnathan55 Senger904,M,GENERAL PRACTICE,603 WRIGHT STREET,TUSKEGEE,AL,360831585,32.43276964944494,-85.69145548935818,2,POINT(-85.69145548935818 32.43276964944494)
cc7cd161-0afc-3047-8a6c-b764bb488af7,a5195fd3-19cb-317f-b174-72a98d88f70a,Heriberto162 Ondricka197,M,GENERAL PRACTICE,1007 S MAIN ST,LINDEN,AL,367483149,32.2965125,-87.7978245,28,POINT(-87.7978245 32.2965125)
65f7ae7a-79bf-3912-962a-2c1dea183d1b,23af71b4-1c7b-31f9-b98b-34241ccdd4e8,Jaquelyn689 Bernier607,F,GENERAL PRACTICE,1007 GOODYEAR AVENUE,GADSDEN,AL,359066310,34.00778505,-85.9663095796017,1,POINT(-85.9663095796017 34.00778505)
61823373-1cff-39ed-bf51-acfe66613988,b989c9f5-a504-3b3f-876d-31a0d5e9d0e6,Merrilee429 Daugherty69,F,GENERAL PRACTICE,400 N EDWARDS ST,ENTERPRISE,AL,363302510,31.318424999999998,-85.85468880157622,115,POINT(-85.85468880157622 31.318424999999998)
8496adb0-9b0a-3168-8eab-76585ca874c3,283a0f5a-a484-364a-816c-de8f55bdff0b,Louanne686 Schamberger479,F,GENERAL PRACTICE,30 ROUNDTREE DRIVE,PIEDMONT,AL,362725892,33.9077723,-85.6078584,14,POINT(-85.6078584 33.9077723)
4d36b3ea-2bde-3f24-ab01-db97dfe8359c,aee85af1-cf83-306b-a06c-4f5e282b840d,Palma671 Willms744,F,GENERAL PRACTICE,500 BOULEVARD SOUTH SW  SUITE 203,HUNTSVILLE,AL,358022103,34.668746,-86.573688,5,POINT(-86.573688 34.668746)
4454984e-b7f8-3151-a247-a9b06a55874b,0c68094b-63ae-367b-a6ef-f86aebe620a3,Margrett284 Davis923,F,GENERAL PRACTICE,2205 BELTLINE RD SW,DECATUR,AL,356013617,34.584339188838946,-87.02395062553448,15,POINT(-87.02395062553448 34.584339188838946)
624711ae-8d37-3ad0-87f9-fc71e195be10,35180000-cd31-3ca4-a6e1-3b7ca276d10d,Maybelle917 Lockman863,F,GENERAL PRACTICE,4725 MOBILE HWY,MONTGOMERY,AL,361085126,32.3109816,-86.3499305,38,POINT(-86.3499305 32.3109816)
36a32471-5245-34ef-bd05-f2be4e7880b4,03a0ec81-3c70-3787-a3aa-3215e2e4aec3,Lucio648 Schmeler639,M,GENERAL PRACTICE,7655 ALABAMA HWY 71,DUTTON,AL,357447556,34.6109183,-85.91692,17,POINT(-85.91692 34.6109183)
2d23ba2b-4c09-326c-8141-4776b99eea63,936845af-30f7-361d-ab47-cedfb6ad795a,Eugene421 Rohan584,F,GENERAL PRACTICE,1201 7TH ST SE,DECATUR,AL,356033337,34.59085815,-86.97139352672316,177,POINT(-86.97139352672316 34.59085815)
96b62dbf-01f6-3511-8eec-113d5159cd37,4c681480-6075-3d50-bea1-dcef503df4b6,Flor713 Berge125,F,GENERAL PRACTICE,1201 MONTLIMAR DRIVE  SUITE 100,MOBILE,AL,366023809,30.663879,-88.133127,6,POINT(-88.133127 30.663879)
a8e11508-8a5b-301e-95f1-2af445418064,06c53493-f095-33f6-896f-eaa996f45568,Darrell400 Stokes453,M,GENERAL PRACTICE,38 ROWE DR,GUNTERSVILLE,AL,359767367,34.3581474,-86.2947041,5,POINT(-86.2947041 34.3581474)
7a542f99-955f-3f98-91b1-6835c6ca2d76,510dcdde-ff29-321e-9095-fcd6eff06740,Roxanna261 Gleichner915,F,GENERAL PRACTICE,1010 LAY DAM ROAD,CLANTON,AL,350452331,32.85300085714285,-86.62291959183673,2,POINT(-86.62291959183673 32.85300085714285)
6430f250-ab06-32d7-ad26-112b28888a5c,76120765-7ccf-3393-8ece-0bdac6caa0c1,Randolph418 Keebler762,M,GENERAL PRACTICE,1701 PELHAM RD S,OXFORD,AL,362031917,33.5853695,-85.91428175037092,43,POINT(-85.91428175037092 33.5853695)
c6f9ac72-3c91-36ad-9105-8b57c1cadc79,683664a9-fd49-344e-ae76-7e510c331e96,Casey401 Boyer713,F,GENERAL PRACTICE,7020 BRUNS DRIVE,MOBILE,AL,366954329,30.658180199999997,-88.20443014913553,14,POINT(-88.20443014913553 30.658180199999997)
53e9ea5d-d06f-32b6-aeee-9a79590a39b1,75de8ae3-9de2-3c1c-ad66-35ec20f09b9c,Lizabeth515 Bergstrom287,F,GENERAL PRACTICE,500 CAHABA PARK CIR,VESTAVIA HILLS,AL,352161808,33.4487989,-86.7879492,1,POINT(-86.7879492 33.4487989)
ab6e704c-6803-37aa-b7bc-72aa70625b16,63b7e4de-69db-3da5-ba07-28f5d9d63eb2,Tijuana228 Leannon79,F,GENERAL PRACTICE,339 WALKER CHAPEL PLAZA,FULTONDALE,AL,350683402,33.6104148,-86.7976721,8,POINT(-86.7976721 33.6104148)
c73b908c-58fc-38dc-bc40-c66dc5187ef7,1e7ee24a-4e6a-3d36-a02f-038133267d08,Miguelina323 Crona259,F,GENERAL PRACTICE,12440 MAGNOLIA SPRINGS HWY STE 200,MAGNOLIA SPRINGS,AL,365556434,30.40512616670908,-87.7720507727712,28,POINT(-87.7720507727712 30.40512616670908)
ec794eea-ab9b-38b4-95fd-4413bacb9f56,76e4d6c9-e0d0-3305-b622-94b520b6716d,Sal878 Heathcote539,M,GENERAL PRACTICE,881 3RD STREET NORTHEAST,ALABASTER,AL,350078954,33.25403962344035,-86.80980403042608,19,POINT(-86.80980403042608 33.25403962344035)
9c2b6782-fe5f-3c3a-a0a3-9df5093228da,8aa0cd49-5da4-38da-90bc-f551e5010ea6,Rogelio17 Gibson10,M,GENERAL PRACTICE,809 UNIVERSITY BLVD E,TUSCALOOSA,AL,354012029,33.204164,-87.52753681434177,4,POINT(-87.52753681434177 33.204164)
db1b9f72-86d1-3ba3-880c-9c0a678d3d30,6b11e72a-e9a3-3899-9b5d-8cbae6564427,Cleo27 Crooks415,M,GENERAL PRACTICE,7201 HAPPY HOLLOW ROAD,TRUSSVILLE,AL,35173,33.657163,-86.57428,80,POINT(-86.57428 33.657163)
5445bf43-46d6-3290-9cbe-ce9b5b8f90ca,14543b27-40cc-3f33-b075-508b7ee33b42,Graciela518 Loera89,F,GENERAL PRACTICE,850 9TH ST NW,ALABASTER,AL,350079179,33.25369430589273,-86.82643128001935,3,POINT(-86.82643128001935 33.25369430589273)
69a4efb0-eff7-30ee-8b8f-e51c2c073c13,7c54275c-ff75-38ac-93ef-0babdc29d7ce,Gertrud593 Kuhic920,F,GENERAL PRACTICE,4465 NARROW LANE RD,MONTGOMERY,AL,361162953,32.319762,-86.281938,25,POINT(-86.281938 32.319762)
a7f1ad38-08ea-33ec-b250-e9f6e25f57ea,4b64ecf3-be28-3e71-bac7-6b6888994394,Mitchel812 Williamson769,M,GENERAL PRACTICE,1706 GLENN BOULEVARD  SUITE 3,FORT PAYNE,AL,359683544,34.4442547,-85.7196893,2,POINT(-85.7196893 34.4442547)
35b8b93b-7cf8-36de-85eb-62cfcc8b47a0,17b73d4c-8946-36dd-866b-af2b48606181,Clemente531 Schamberger479,M,GENERAL PRACTICE,200 OFFICE PARK DRIVE,GULF SHORES,AL,365423432,30.27053285,-87.68988079854847,26,POINT(-87.68988079854847 30.27053285)
a2ad3500-d8bc-3708-8f69-9fce13fae732,60ab2f7e-f6f5-30c7-a08b-43c2a1eb3bf6,Shaun461 Jast432,M,GENERAL PRACTICE,23730 JOHN T REID PKWY  SUITE A,SCOTTSBORO,AL,357682840,34.645001,-86.041654,1,POINT(-86.041654 34.645001)
0f7fdb90-1dab-3fe3-b027-d611224a6b50,97967b5d-480a-3104-a7ae-ed69c7379e09,Malissa448 Schmidt332,F,GENERAL PRACTICE,202 GOVERNORS DR SE,HUNTSVILLE,AL,358012745,34.71998993877551,-86.5769723877551,22,POINT(-86.5769723877551 34.71998993877551)
2e4339ec-8d1e-32c7-a0ef-f61daaeaa4c5,38266a22-8584-3f03-9b8b-c7ba127945fb,Dannie881 Smith67,F,GENERAL PRACTICE,119 ENNIS ST,SARALAND,AL,365712706,30.820141,-88.079229,29,POINT(-88.079229 30.820141)
df8c15ba-d727-3376-aa0e-6ea6bfd1ffb5,5fd8edbf-bc2a-338b-962b-78849cb986b6,Mozell819 Prohaska837,F,GENERAL PRACTICE,401 MEDICAL PARK DR,ATMORE,AL,365023006,31.01701705,-87.47857661925876,96,POINT(-87.47857661925876 31.01701705)
306af0e1-d7eb-33b5-a7e6-b839f17dd500,586c9a25-58b9-3e9d-80a4-75103d81e724,Raquel318 Valles311,F,GENERAL PRACTICE,3840 GAULT AVE N,FORT PAYNE,AL,359675211,34.442567,-85.721177,28,POINT(-85.721177 34.442567)
2391a38b-21a6-3c7c-bce6-7b3ca7239ca0,ef6af683-0246-3b6b-bad4-0b5a0cf546d3,Graham902 O'Hara248,M,GENERAL PRACTICE,600 34TH ST,NORTHPORT,AL,354733393,33.240705,-87.626136,10,POINT(-87.626136 33.240705)
67c06010-19ee-3793-b068-937993c0a4a5,5020cf19-f3df-3acf-b862-4bb58a8ef2c1,Robbie31 Windler79,M,GENERAL PRACTICE,1600 7TH AVE S,HOMEWOOD,AL,352095501,33.4717732,-86.8008228,9,POINT(-86.8008228 33.4717732)
7349d585-5e39-3d19-868d-bc6952717552,6b5d1729-b050-3f13-b596-da3e7a926396,Quentin28 Fritsch593,M,GENERAL PRACTICE,420 E 2ND AVE,PIEDMONT,AL,362725892,33.926828,-85.614764,41,POINT(-85.614764 33.926828)
52de459d-a681-396b-9e8b-ebb9187eebb2,d6cef7b2-0c1d-3831-b6eb-e9d9bcc59810,Nancie476 Homenick806,F,GENERAL PRACTICE,1409 SPRINGFIELD AVENUE,GADSDEN,AL,359032819,33.995517,-85.95676821431115,20,POINT(-85.95676821431115 33.995517)
27dea800-134f-373b-86cf-b90a07caab0d,3e8ebedc-0c63-391c-936a-72f1d453ecb3,Claudio955 Toy286,M,GENERAL PRACTICE,2588 MAIN ST,MILLBROOK,AL,360543849,32.46729682945737,-86.36037326356589,30,POINT(-86.36037326356589 32.46729682945737)
798917e8-f3cf-35da-b1ee-168c0cdbcbbd,8635864a-770e-3b7f-8898-3d1372cbe2cd,Millie392 Eichmann909,F,GENERAL PRACTICE,262 SUTTON ROAD,OWENS CROSS ROADS,AL,357638753,34.65809615,-86.49056995346457,67,POINT(-86.49056995346457 34.65809615)
3658a95b-5dae-3c28-8516-51769b6f73bf,1775dca5-fa13-3f8d-9d61-12c00aa2ca27,Scott935 Kilback373,F,GENERAL PRACTICE,859 AIRPORT DRIVE,ALEXANDER CITY,AL,350103443,32.921518,-85.94191817346939,24,POINT(-85.94191817346939 32.921518)
373a2bfe-bc71-30fd-a5eb-66eb13818f21,b206a51f-2619-32b9-8f5a-f32c237c1e23,Chanell45 Robel940,F,GENERAL PRACTICE,1108 ROSS CLARK CIRCLE  4TH FLOOR,DOTHAN,AL,363013022,31.216402000000002,-85.36564064472296,59,POINT(-85.36564064472296 31.216402000000002)
112a0834-ec3f-338c-80f0-39e94a5da3ef,b70d952e-92ba-3a6b-b52e-bee4e21f9160,Wendi133 Nader710,F,GENERAL PRACTICE,1701 NORTH ALSTON STREET,FOLEY,AL,365352246,30.427001,-87.685391,17,POINT(-87.685391 30.427001)
76c38ce7-bd09-3f41-b1bc-444d245eab9a,a63e7b9d-2fe9-3ac2-bc0f-b1f9808bcb8d,Rayford811 Bashirian201,M,GENERAL PRACTICE,1613 N MCKENZIE ST,FOLEY,AL,365352247,30.4065868,-87.6835974,70,POINT(-87.6835974 30.4065868)
da3d615d-3165-369b-897f-29f5a3995f36,d18fbc7e-bb74-310a-9550-7f8f4eaccc73,Bobbie849 Glover433,F,GENERAL PRACTICE,1015 MEDICAL CENTER PKWY,SELMA,AL,367016748,32.429399599999996,-87.05590344058078,65,POINT(-87.05590344058078 32.429399599999996)
1a8c58f9-3626-3d5b-9974-20ae1af33412,28e783ba-2b3c-3eff-9b56-d69b2c79e77f,Gisele901 Lehner980,F,GENERAL PRACTICE,2030 LAY DAM RD,CLANTON,AL,350458344,32.8764654112773,-86.6236554749548,16,POINT(-86.6236554749548 32.8764654112773)
f5e5befc-b24c-35bb-9263-3a23180040c9,2368ceb6-4285-3596-9e1f-e96ade70d40a,Bobbye345 Wuckert783,F,GENERAL PRACTICE,809 UNIVERSITY BOULEVARD EAST  4TH FLOOR,TUSCALOOSA,AL,354012029,33.204164,-87.52753681434177,34,POINT(-87.52753681434177 33.204164)
ed516c3a-f4bf-3b0b-aac9-07db6f551fd4,722ada98-2542-392d-ae9d-53b2e00e46ee,Shaquita282 Klocko335,F,GENERAL PRACTICE,15 MAYFIELD STREET,MONROEVILLE,AL,364603009,31.505031,-87.3164003,4,POINT(-87.3164003 31.505031)
4ade6609-c3f4-39ab-a7b3-98ed5c06a671,7bbcf265-4c0a-325d-9310-383dc73abd6c,Whitney250 Wiza601,M,GENERAL PRACTICE,2256 GILMER AVE,TALLASSEE,AL,360787114,32.56467886470588,-85.93184122941176,27,POINT(-85.93184122941176 32.56467886470588)
51c62a15-477e-3431-80e1-71e1872364e8,8e820070-4216-3d28-93e1-1a98389260fd,Evelin941 Ratke343,F,GENERAL PRACTICE,424 S WILSON AVE,PRICHARD,AL,366103912,30.734409,-88.082004,26,POINT(-88.082004 30.734409)
34ab12a0-be30-377b-acc8-6912bc88b1cc,0fea7c02-b7ae-3dc0-ab61-326b052d6c0f,Cleo27 Lehner980,M,GENERAL PRACTICE,108C MCMEANS AVE,BAY MINETTE,AL,365073130,30.8759255,-87.77662115703666,8,POINT(-87.77662115703666 30.8759255)
6d49c8df-d334-3437-a3e0-80ee26d53aa5,719d7b7e-4ed9-341c-9bb7-ccb72dd039da,Lewis216 Walsh511,M,GENERAL PRACTICE,8160 DECKER LANE,MONTGOMERY,AL,361174254,32.37689538098128,-86.15561803662268,5,POINT(-86.15561803662268 32.37689538098128)
5083c535-fdbd-3a98-8621-95142a6d6ce7,ece30e10-f4a2-3852-9dcf-175737927314,Carlena776 Steuber698,F,GENERAL PRACTICE,18317 US HWY 90,SEMMES,AL,365755406,30.778688,-88.2588427,67,POINT(-88.2588427 30.778688)
940030b7-00fe-323c-b503-686b8241c28d,5dd564ec-9c05-339b-9f61-b02defe1cdbe,Boris111 Romaguera67,M,GENERAL PRACTICE,2228 CAHABA VALLEY DR,HARPERSVILLE,AL,350784701,33.3439995,-86.4380357,62,POINT(-86.4380357 33.3439995)
a566cab0-eaa0-3890-bf9d-1381cc3a5dba,40b7b37f-4c45-38a3-99a9-38a469dbc993,Wilhelmina724 Block661,F,GENERAL PRACTICE,3500 CLOVERDALE RD,FLORENCE,AL,356331302,34.852782,-87.6911,5,POINT(-87.6911 34.852782)
0d8cb2bc-5095-3904-a28f-f5cdf3c0ac13,e2f34a08-16fe-38b1-9800-a5dae6e5af94,Thanh759 Weber641,M,GENERAL PRACTICE,1007 GOODYEAR AVE,GADSDEN,AL,359031195,34.00778505,-85.9663095796017,48,POINT(-85.9663095796017 34.00778505)
6dd401ad-4c04-35b1-bf17-1f68f3c3a43d,69442f6b-d59e-36f5-b4bb-e554b86eb6b7,Ignacio928 O'Keefe54,M,GENERAL PRACTICE,6582 BOLL WEEVIL CIRCLE,ENTERPRISE,AL,363309424,31.2919184,-85.8457186,5,POINT(-85.8457186 31.2919184)
dfc23a33-8c68-325b-b0dc-aa9baffe7799,969a5069-24ec-3405-a0fd-f6e555d9ebe6,Jacquiline133 Davis923,F,GENERAL PRACTICE,22289 MEDICAL VILLAGE DR,ATHENS,AL,356132896,34.77800905,-86.9254162610518,73,POINT(-86.9254162610518 34.77800905)
4648fe1d-90cd-3cfa-87a0-b0d298fe6f37,61b57980-339b-3d6a-a370-037f67a46a47,Merlin721 Lemke654,M,GENERAL PRACTICE,1555 HILLABEE STREET,ALEXANDER CITY,AL,350102346,32.943202889447235,-85.9404152361809,3,POINT(-85.9404152361809 32.943202889447235)
71dbb05d-9cdf-36a0-972c-f33d8c0b82f0,d3d7831f-43cc-3d49-a940-4a07400a7f23,Lakenya863 Hilpert278,F,GENERAL PRACTICE,1201 NOTASULGA ROAD,TUSKEGEE,AL,360637115,32.436233,-85.692708,49,POINT(-85.692708 32.436233)
a6a79e1b-7004-335f-bbec-adb7c35b28cf,a0844759-d3d2-3ce0-9b9a-2d249627e932,Calista635 Runolfsson901,F,GENERAL PRACTICE,110 WALKER AVENUE,ATHENS,AL,356112454,34.8045487,-86.9711698,3,POINT(-86.9711698 34.8045487)
50f96e7d-b8fd-3207-8713-cfdad20ac04f,c01949b4-86ed-38bb-82fb-0c175eb0a2cd,Alline927 Schimmel440,F,GENERAL PRACTICE,804 GLOVER AVENUE,ENTERPRISE,AL,363302018,31.32135869033187,-85.83462013323332,6,POINT(-85.83462013323332 31.32135869033187)
698a07c7-5510-38b5-8d14-6382df6936af,ffebf439-04d7-3656-bd8b-b8bbd0e4cf6b,Sadie426 Kohler843,F,GENERAL PRACTICE,3751 SULLIVAN ST,MADISON,AL,357581707,34.67933741089509,-86.75173525495028,1,POINT(-86.75173525495028 34.67933741089509)
7f167861-f1ed-3449-9495-994ea5fd72ec,4d8e0243-139f-371e-9914-77ea21080cea,Vicente970 Armstrong51,M,GENERAL PRACTICE,124 S MEMORIAL DR,PRATTVILLE,AL,360673619,32.464044900000005,-86.45235347708427,13,POINT(-86.45235347708427 32.464044900000005)
83e14ae4-5a6a-3c87-938a-5fa2dcde9c6a,86f067fd-2bca-3b27-82bd-0f88e65990d3,Latrina689 White193,F,GENERAL PRACTICE,700 WEST MARKET STREET,ATHENS,AL,356132899,34.8045487,-86.9711698,3,POINT(-86.9711698 34.8045487)
881ea21b-6499-3acc-b6cd-fbd15ce464e3,93e243f4-b086-39b7-b7a7-9ef72bc01cd2,Thad495 Baumbach677,M,GENERAL PRACTICE,2410 AVALON AVE,MUSCLE SHOALS,AL,356613283,34.7442247,-87.6275089,32,POINT(-87.6275089 34.7442247)
25df2587-5b4c-3d65-886f-e62419f6bbf7,3a69eda8-de2f-3b68-b2b8-66ca0040f526,Elicia233 Huels583,F,GENERAL PRACTICE,1118 ROSS CLARK CIR,DOTHAN AL,AL,363013023,31.21451282642447,-85.36134172959952,42,POINT(-85.36134172959952 31.21451282642447)
2f3dcadc-a4dd-3af9-902c-d41bae53632b,3bbb5edc-5d69-3d2d-934a-e3499b0af0a4,Kimberlie352 Gleason633,F,GENERAL PRACTICE,750 AL-75,OWENS CROSS ROADS,AL,357638606,34.5881461,-86.4588768,51,POINT(-86.4588768 34.5881461)
f107bd0a-50a7-3d43-b447-74fde048f532,b8fe84fe-b356-3db2-b0ec-5834fbc18212,Truman805 Schaden604,M,GENERAL PRACTICE,2740 HEADLAND AVE,DOTHAN,AL,363031236,31.269855949036405,-85.39349918976671,6,POINT(-85.39349918976671 31.269855949036405)
f1631583-7144-3d10-9045-728c4d0b9c64,5c90ff25-caad-3518-9c56-e3767ee5e958,Octavio643 Gusikowski974,M,GENERAL PRACTICE,4009 SAINT STEPHENS RD,MOBILE,AL,366121231,30.610499652173914,-88.12853969565217,106,POINT(-88.12853969565217 30.610499652173914)
b0e6f8cb-e1d6-3025-80a0-1cfa2f209dab,1b4e1b2a-fef4-3a1d-ae00-b3f28b9a4607,Daryl568 Yundt842,M,GENERAL PRACTICE,2256 GILMER AVE,TALLASSEE,AL,360787126,32.56467886470588,-85.93184122941176,2,POINT(-85.93184122941176 32.56467886470588)
447642b2-6267-3de9-881c-39bb26ca3ad4,f3daf2b1-045b-3d34-aa9c-514f4b4e2014,Humberto482 Mann644,M,GENERAL PRACTICE,64 MCCURDY AVE N,RAINSVILLE,AL,359864465,34.49536990919085,-85.84633224184034,32,POINT(-85.84633224184034 34.49536990919085)
763f501d-b92f-3e32-b3d7-aba2f3ab58e0,437c7257-24db-33c1-9ac3-e3626e4f0347,Houston994 Olson653,M,GENERAL PRACTICE,1008 BOLL WEEVIL CIR,ENTERPRISE,AL,36330,31.33309493419522,-85.84701882182296,78,POINT(-85.84701882182296 31.33309493419522)
3ac8c640-0dd8-373e-bdd6-bd6307d18cce,486dddc0-bc29-3519-a330-1ed3e72eb10f,Lauretta754 Dare640,F,GENERAL PRACTICE,1004 1ST ST N,ALABASTER,AL,350078604,33.251601045972954,-86.8148549021898,96,POINT(-86.8148549021898 33.251601045972954)
3f586555-0f0d-3cd9-944c-78f001c22b33,62d4fa04-fc18-33b1-bbb7-b6f34c486fdb,Duane703 Bosco882,M,GENERAL PRACTICE,3570 GRANDVIEW PARKWAY SUITE 100-A,BIRMINGHAM,AL,352432033,33.43855900401383,-86.71852224596817,81,POINT(-86.71852224596817 33.43855900401383)
46e6f481-5393-3114-baab-c051e659b115,ce64c7c5-ec9e-3c5d-8312-7386567e6c58,Cleta89 Kiehn525,F,GENERAL PRACTICE,6 MEDICAL PARK NORTH,VALLEY,AL,36854,32.8187406,-85.1793852,1,POINT(-85.1793852 32.8187406)
1c81ed43-e818-3598-aba0-44416ac4c8c5,1d8522c1-a1f2-3e96-a1ee-5afe6dbd0b53,Elaina826 Hamill307,F,GENERAL PRACTICE,267 FOB JAMES DR,VALLEY,AL,368545077,32.816561816326534,-85.18927789795919,33,POINT(-85.18927789795919 32.816561816326534)
019af5ef-1c38-39d7-95ad-97221548625c,169ce7c5-62e6-315c-89c7-8fe4590a0646,Jules135 Emard19,M,GENERAL PRACTICE,619 SOUTH 19TH STREET,LEEDS,AL,350941116,33.4978545,-86.58523163935291,81,POINT(-86.58523163935291 33.4978545)
8eb0e5fe-e182-3510-b079-882dcc3b32d8,f6266baf-0ccc-3540-b0c5-3ec3872101fb,Lamar193 Daniel959,M,GENERAL PRACTICE,3832 SANIE RD,ODENVILLE,AL,35120,33.648137,-86.453389,42,POINT(-86.453389 33.648137)
a0a7040a-0d9c-38d9-a138-674399f471bd,2349beed-1d64-37db-8e27-5e6ead86bbe3,Mickey576 Gerlach374,M,GENERAL PRACTICE,3 MOBILE INFIRMARY CIR,SARALAND,AL,365712202,30.820742,-88.0705556,17,POINT(-88.0705556 30.820742)
bf5735c2-2332-3d71-a28f-d74b1f8a86c1,07a8ba83-847b-3608-947f-d040cd1167ef,Patrick786 Lockman863,M,GENERAL PRACTICE,111 EAST LAUREL STREET,SCOTTSBORO,AL,357681801,34.67292029506765,-86.03448053108423,2,POINT(-86.03448053108423 34.67292029506765)
3f6a9305-bdb3-3f83-8c6d-df4f3167dd51,fdb3c9e7-9076-36d3-b452-704934c080c4,Lavonna163 Johnson679,F,GENERAL PRACTICE,1907 S COLLEGE ST STE 201,AUBURN,AL,368325906,32.5707116,-85.4995133,32,POINT(-85.4995133 32.5707116)
8ae60740-70ad-3946-a776-2b103c3fa1f9,161b9ee7-a47e-304a-bcd7-f2e87a3e24b5,Denisha680 Schmitt836,F,GENERAL PRACTICE,1504 Springhill Ave.,Mobile,AL,36604,30.692453,-88.07212,367,POINT(-88.07212 30.692453)
031322fd-9d3c-3d4b-b498-3dc4dce912db,9bd3c3e0-8e8c-3574-9444-6362667741a2,Jane262 Schmeler639,F,GENERAL PRACTICE,2370 HILLCREST RD STE M,MOBILE,AL,366953841,30.639471,-88.190914,8,POINT(-88.190914 30.639471)
9dbbb211-1202-3b4e-8b79-1da4ccd6ab2f,36b93fd5-ee73-3582-92c9-cd15ac8e4e15,Rufus33 Langosh790,M,GENERAL PRACTICE,7400 ROPER LN,DAPHNE,AL,365265274,30.6353442,-87.8952593166502,3,POINT(-87.8952593166502 30.6353442)
81cddccd-882c-3d8d-8fac-3ed4b6c53ebf,c73c00c7-0e1e-313d-be78-fe7dc3588cbb,Margaret865 Reinger292,F,GENERAL PRACTICE,805 FRIENDSHIP ROAD,TALLASSEE,AL,360781234,32.534988,-85.910695,24,POINT(-85.910695 32.534988)
66859d41-d757-3c49-83c6-1d405bf84d53,0912bf40-11a1-3964-a448-ee81f506563e,Riley817 O'Reilly797,M,GENERAL PRACTICE,432 MOULTON ST. EAST,DECATUR,AL,356016335,34.6039689220754,-86.98205588301606,10,POINT(-86.98205588301606 34.6039689220754)
02c71a98-61c8-3e0d-83e8-eff4e052ab02,ba1aaaa7-64d8-3817-acfd-f2d5ad5a6991,Wanda961 Goyette777,F,GENERAL PRACTICE,4643 CAMP COLEMAN RD,TRUSSVILLE,AL,351732697,33.637820734071575,-86.57972771574181,8,POINT(-86.57972771574181 33.637820734071575)
cc7cbee0-f490-3c3d-b05c-eca1d8568462,ca0b8625-64ed-36d3-b09e-99f0b54cf2c0,Emory494 Nicolas769,M,GENERAL PRACTICE,200 MEDICAL CENTER DR SW,FORT PAYNE,AL,359683458,34.44201305,-85.7568809962695,64,POINT(-85.7568809962695 34.44201305)
f68ae58b-c070-378a-a52d-1eb953f8c380,b7562d88-66d4-364f-9c3c-32376fa46ab1,Naoma512 Bashirian201,F,GENERAL PRACTICE,201 DOLIVE ST,BAY MINETTE,AL,365073226,30.8759255,-87.77662115703666,32,POINT(-87.77662115703666 30.8759255)
444da1f1-9a90-3b78-8a91-961307442430,888ed201-4500-36df-8e52-195e87e4a51f,Elayne206 Denesik803,F,GENERAL PRACTICE,995 9TH AVE SW,BESSEMER,AL,350224527,33.37231525,-86.990704594639,138,POINT(-86.990704594639 33.37231525)
7c9b840a-b50e-3d9b-8554-30162fb4525b,0b988313-0bd2-3134-9963-08d0170ee5e8,Bell723 Toy286,F,GENERAL PRACTICE,2505 US HIGHWAY 431,GUNTERSVILLE,AL,359767140,34.3581474,-86.2947041,33,POINT(-86.2947041 34.3581474)
c01b5c74-f840-3496-8812-f1f96e68777f,ed966b1c-581c-362f-8e3b-3c8fa403860a,Tereasa291 Mueller846,F,GENERAL PRACTICE,2016 SOUTH ALABAMA AVENUE,MONROEVILLE,AL,364603044,31.5279399,-87.3247077,11,POINT(-87.3247077 31.5279399)
01f5c4ac-1700-37cb-ab78-292648df9d17,73f72740-9e17-3a0e-a082-031d76a3153d,Mason910 Heller342,M,GENERAL PRACTICE,3690 GRANDVIEW PARKWAY,BIRMINGHAM,AL,352433326,33.43373785,-86.71846059473762,60,POINT(-86.71846059473762 33.43373785)
f20b0c56-20b4-3b9d-9f63-03731224e659,363d1166-c20f-356b-b672-99ab38446434,Kandice471 Rodriguez71,F,GENERAL PRACTICE,2105 EAST SOUTH BLVD.,MONTGOMERY,AL,361162463,32.327953050000005,-86.27778199599958,5,POINT(-86.27778199599958 32.327953050000005)
cebf26d2-619f-3ee4-8c88-2a1acfdbdfe3,d6f1623c-a4bc-3606-bb7c-1720589be6d8,Felix524 Rogahn59,M,GENERAL PRACTICE,1015 MEDICAL CENTER PARKWAY,SELMA,AL,367016748,32.429399599999996,-87.05590344058078,166,POINT(-87.05590344058078 32.429399599999996)
4d96b231-f859-375c-a9c7-d168537319c1,ddff20ee-b6b1-3f2f-9cc7-43b3ab2054da,Domonique463 Satterfield305,F,GENERAL PRACTICE,3320 SKYWAY DRIVE  SUITE 804,OPELIKA,AL,368017141,32.6454116,-85.3782795,13,POINT(-85.3782795 32.6454116)
4efa79f5-0be8-3ca0-938b-ebfe8e38cdc3,66cd0491-2c69-3ea9-9e09-5d4c4b09709f,Adell482 Deckow585,F,GENERAL PRACTICE,ONE HOSPITAL DR SE,MADISON,AL,357582237,34.7736807,-86.5675095,75,POINT(-86.5675095 34.7736807)
32072712-5f34-315d-8ac6-039ae489fcc7,a7d6bb56-554f-350d-a3ff-6e7177cd741b,Valarie790 Bernhard322,F,GENERAL PRACTICE,100 PERRY HILL RD,MONTGOMERY,AL,361093630,32.380456,-86.246775,2,POINT(-86.246775 32.380456)
f928d060-0b6a-32b8-8c24-df74e1d7e39d,383625b0-9b7f-3fcb-90bb-0739abc0ce4b,Hellen346 Roberts511,F,GENERAL PRACTICE,700 WEST MARKET STREET  2ND FLOOR,ATHENS,AL,356112457,34.8045487,-86.9711698,35,POINT(-86.9711698 34.8045487)
7d01c178-2ddd-3065-afa0-9ce95e049cdd,ab3d2390-65de-3125-b794-56c9b7a1ef60,Danette111 Klein929,F,GENERAL PRACTICE,2215 DECATUR HWY STE 101,GARDENDALE,AL,350712384,33.676996131339855,-86.819761139862,98,POINT(-86.819761139862 33.676996131339855)
1339d32c-5218-3f23-bfed-bfe1423945f1,8b2005c3-8739-37c9-aea6-1864362d9a82,Georgetta870 Turner526,F,GENERAL PRACTICE,309 W GRAND AVE,RAINBOW CITY,AL,359063241,33.95934673789246,-86.04421278093193,59,POINT(-86.04421278093193 33.95934673789246)
d297524c-1d7a-34d2-b752-81a4e118dc31,ec5150d0-3d86-3a52-9a23-5a16a6a5ba8b,Pattie91 Dooley940,F,GENERAL PRACTICE,126 HOSPITAL AVE,OZARK,AL,363602018,31.4511675,-85.6320623498164,1,POINT(-85.6320623498164 31.4511675)
862e59e4-df23-32e2-b22d-b79a9e254adf,96820449-44dc-30aa-b737-c247072be6be,January966 Roberts511,F,GENERAL PRACTICE,4401 RIVER CHASE DRIVE,PHENIX CITY,AL,368677483,32.507977249999996,-85.00878469067558,107,POINT(-85.00878469067558 32.507977249999996)
23a914ca-b7f8-3559-8f58-47af7ac1d4e8,1a4ff4ab-e41c-325c-90df-a8c0e8375bf1,Ilene33 Greenholt190,F,GENERAL PRACTICE,225 W 9TH AVE,FOLEY,AL,365351745,30.384821,-87.691806,60,POINT(-87.691806 30.384821)
2eaaa83a-595c-32cf-b41e-a9781ebc3ab7,a5e9f688-e208-3279-aa6b-71a3b6af5a7e,Rueben647 Friesen796,M,GENERAL PRACTICE,1701 VETERANS DRIVE,FLORENCE,AL,356304928,34.80504285000001,-87.65081425058077,40,POINT(-87.65081425058077 34.80504285000001)
f54f9708-3650-3ee5-97b2-7182ffa7ace9,c2049ef6-1904-32d5-8c6f-490cb7a3c3c7,Shane235 Torphy630,M,GENERAL PRACTICE,401 MEDICAL PARK DR,ATMORE,AL,365023006,31.01701705,-87.47857661925876,64,POINT(-87.47857661925876 31.01701705)
854b4988-cafc-3824-af4e-cb530267a39c,35cc9b18-6079-3810-b19b-8c7059e05c36,Allan198 Moore224,M,GENERAL PRACTICE,1000 1ST ST N,ALABASTER,AL,350078703,33.2526682,-86.81296818785188,441,POINT(-86.81296818785188 33.2526682)
c63e4d2e-7603-3f0b-a793-223e12f0fe57,a905ddd5-4d14-3150-8fc8-78caae0b5d2b,Ra√∫l937 Barela183,M,GENERAL PRACTICE,1215 7TH ST SE,DECATUR,AL,356013397,34.5911215592312,-86.97244706191098,24,POINT(-86.97244706191098 34.5911215592312)
4985d1a2-f624-3a9e-ba3f-37fbdf88fd1a,603f04b1-0b53-361f-bbba-35a4bf74f30b,Jenniffer979 Terry864,F,GENERAL PRACTICE,2140 UPPER WETUMPKA RD,MONTGOMERY,AL,361177109,32.38874,-86.2761678,1,POINT(-86.2761678 32.38874)
7eff71ad-188e-3e74-9e1e-21a51459395b,f4b36f8f-53ba-31f0-ba16-7a1276901e90,Garnett735 Bogisich202,F,GENERAL PRACTICE,3141 OLD COLUMBIANA ROAD,HOOVER,AL,352263703,33.40481447693712,-86.80791687373991,2,POINT(-86.80791687373991 33.40481447693712)
6950d4cc-a2f1-3ef2-b56a-51e152b34262,d05cf213-0e2e-3764-b00e-74c3f97b2fba,Mathew182 Cummings51,M,GENERAL PRACTICE,206 Rescia Ave,Gadsden,AL,35906,33.963287,-86.03298,573,POINT(-86.03298 33.963287)
efda293e-1438-33ae-aace-9e2bca4c0e08,fb415ca8-038a-35c7-874c-7f5729cd450e,Tracy345 Wilderman619,M,GENERAL PRACTICE,24548 US HWY 31,JEMISON,AL,350854431,32.9596424,-86.7452105,29,POINT(-86.7452105 32.9596424)
3a4d4979-7425-3091-be00-0ec3472afaef,c4181dcd-b99e-37e1-b0d9-e3949174d2bf,Clyde817 Schroeder447,M,GENERAL PRACTICE,13000 COTTONWOOD RD,COTTONWOOD,AL,363204280,31.051495,-85.303214,70,POINT(-85.303214 31.051495)
16aefdc4-5e9a-36dd-aac5-0086a355eaa7,36f8da35-59b0-38dd-924b-4e255912e9de,Miguel815 Segura601,M,GENERAL PRACTICE,16 MEDICAL CENTER DR,MONROEVILLE,AL,364603044,31.502173,-87.319868,31,POINT(-87.319868 31.502173)
6ed8125a-e5dd-3393-9cd3-0f80ebe65ef1,9097f846-1b9d-3141-8ccd-a9bba21a4fdf,Patsy569 Olson653,F,GENERAL PRACTICE,267 FOB JAMES DR,VALLEY,AL,368545077,32.816561816326534,-85.18927789795919,143,POINT(-85.18927789795919 32.816561816326534)
bc0c9450-6e21-35e2-88b8-19de8c752726,c32ec299-5c5f-3b7a-a2ba-fc041bdf76df,Glinda951 Smitham825,F,GENERAL PRACTICE,3940 MONTCLAIR RD,BIRMINGHAM,AL,352132416,33.509562852806056,-86.7556863686711,23,POINT(-86.7556863686711 33.509562852806056)
39ebd094-d612-32d6-b4d7-e32387c5a798,a6187225-9268-3173-b73e-3bd1fe9f882b,Orville751 Hessel84,M,GENERAL PRACTICE,2508 PELHAM PKWY,PELHAM,AL,351241321,33.32245730136971,-86.79537582790662,132,POINT(-86.79537582790662 33.32245730136971)
1f1a9757-a76e-3572-9b0c-6fc31032709e,6d8fe39d-1aa1-3d36-87cf-203996a089b9,Hildegarde627 Johns824,F,GENERAL PRACTICE,5315 MILLENNIUM DRIVE NW,HUNTSVILLE,AL,358062458,34.75345025296643,-86.66230620895197,201,POINT(-86.66230620895197 34.75345025296643)
7ee89245-7960-3b8f-b8a3-75ac9bd5f684,6adcf165-5251-3932-9b11-18b97a999946,Sang383 Zulauf375,M,GENERAL PRACTICE,3502 CLOVERDALE RD,FLORENCE,AL,356331302,34.8528007,-87.6905946,41,POINT(-87.6905946 34.8528007)
d858d9dc-1ef8-3603-b45e-a94da579ea9c,c9138dbe-3703-3acd-a1fc-e66b18054d74,Clement78 Gleason633,M,GENERAL PRACTICE,1718 VETERANS MEMORIAL PKWY,TUSCALOOSA,AL,354044792,33.197178,-87.479308,92,POINT(-87.479308 33.197178)
1a025650-78c3-3994-a700-0495f93f0e46,77f8232c-43a1-3f82-9a12-e13e63f39971,Larhonda769 Fisher429,F,GENERAL PRACTICE,4116 WATERMELON ROAD,NORTHPORT,AL,354735130,33.24316502235906,-87.55100099378038,7,POINT(-87.55100099378038 33.24316502235906)
65387698-209c-3f1c-a702-a9c2891af2eb,a6859a6c-62e4-38ba-b59e-2c83d3b95aa5,Emma804 Larkin917,F,GENERAL PRACTICE,4735 NORREL DRIVE  SUITE 125,TRUSSVILLE,AL,351733606,33.64073020271678,-86.61434185783061,12,POINT(-86.61434185783061 33.64073020271678)
20ffd75f-b849-3f77-8089-76fd7362b767,01c25a83-d3fc-3c9d-ac56-dc819c0b3721,Alan320 Upton904,M,GENERAL PRACTICE,817 PRINCETON AVE SW,BIRMINGHAM,AL,352111349,33.49858068981178,-86.84679476113457,32,POINT(-86.84679476113457 33.49858068981178)
20bc41c6-d8e1-3b0d-bcb9-62c1967a4df4,fcab1629-fd70-36f7-ae91-a77c126dd157,Kayla528 Klein929,F,GENERAL PRACTICE,200 MEDICAL CENTER DRIVE,FT PAYNE,AL,359683458,34.4442547,-85.7196893,4,POINT(-85.7196893 34.4442547)
5a735914-c41f-3471-8753-25559a00bf04,8a8999ee-d032-3f4d-849a-e4d0737c689e,Rolf983 Beatty507,M,GENERAL PRACTICE,5968 WALL TRIANA HIGHWAY,MADISON,AL,357577200,34.75563114900041,-86.74981081968089,5,POINT(-86.74981081968089 34.75563114900041)
3b4ed340-661e-3177-9f4f-c04ad931915f,c7be2f0b-316b-3fb9-b488-f298fcab1d6b,Ross213 Wisozk929,M,GENERAL PRACTICE,1200 W MAPLE AVE,GENEVA,AL,363401642,31.0489116,-85.89202133403035,12,POINT(-85.89202133403035 31.0489116)
0499ec3a-0841-32b7-a8de-de67f5f94e59,b5596c9c-b7a2-3122-98f9-96e212af6d18,Kyle55 Boyer713,M,GENERAL PRACTICE,2554 DOUGLAS AVENUE,BREWTON,AL,364263552,31.146510280680367,-87.06739261886312,8,POINT(-87.06739261886312 31.146510280680367)
731b7a1e-3f2d-3851-b9da-c60a845159f4,280668ff-f238-36a5-bce8-8eee02c3594f,Luba688 Littel644,F,GENERAL PRACTICE,102 MICAH WAY,SCOTTSBORO,AL,35768,34.66016541044795,-86.01742550065894,1,POINT(-86.01742550065894 34.66016541044795)
f4f477e3-1870-3af5-8da5-ea90f874ef05,3ce2ffac-3080-30ee-9a12-4e82116a01ca,Jerald662 Wolf938,M,GENERAL PRACTICE,400 NORTHWOOD DR,CENTRE,AL,359601023,34.162022199999996,-85.65113600927694,110,POINT(-85.65113600927694 34.162022199999996)
8a12b056-db6c-363a-8e2e-c9ab1e39eec3,441a6521-2ea0-3d11-8bca-81957035adf1,Lorene243 Ward668,F,GENERAL PRACTICE,604 STONE AVENUE,TALLADEGA,AL,351602217,33.4404993,-86.09073711271273,65,POINT(-86.09073711271273 33.4404993)
2ed5ac4a-afc8-30d9-98cf-922bd50325ae,cc53fa8f-0c4a-3a68-b58b-dde2388f192a,Horacio317 Kemmer137,M,GENERAL PRACTICE,1041 BALCH RD,MADISON,AL,357588822,34.74547775862069,-86.76755027586206,62,POINT(-86.76755027586206 34.74547775862069)
491a9ac2-5ed8-3d72-8dc8-ae67896244e4,727431b3-eb86-3072-954a-459cb33c70d8,Orville751 Will178,M,GENERAL PRACTICE,3719 DAUPHIN STREET,MOBILE,AL,366081753,30.6847189,-88.13015691580881,6,POINT(-88.13015691580881 30.6847189)
166eef14-9856-352a-a8ea-4f045ca128a4,7a5dc56f-58ab-3b6d-913a-f021ba0e7963,Vicente970 Schinner682,M,GENERAL PRACTICE,260 MILNER CHAPEL ROAD,FLORENCE,AL,356344757,34.79981,-87.677251,7,POINT(-87.677251 34.79981)
40872156-478b-3c67-a4c3-624fc427600a,e86e81f0-8d4f-3eaa-a3ef-5ba4049838c3,Kala987 Wolf938,F,GENERAL PRACTICE,1108 ROSS CLARK CIRCLE,DOTHAN,AL,363051130,31.216402000000002,-85.36564064472296,231,POINT(-85.36564064472296 31.216402000000002)
20ae54eb-3763-3d7f-8a53-5fd0d288c88a,63d11f70-8981-3b60-9004-a7032286050b,Hershel911 Sauer652,M,GENERAL PRACTICE,119 WATTERSON PARKWAY,TRUSSVILLE,AL,351732307,33.61389882647974,-86.60883571972465,20,POINT(-86.60883571972465 33.61389882647974)
31a51d20-386f-3d97-8133-54f31cdad3d2,7b8f20d2-06c7-36ac-88c9-f464519bab1f,Chris95 Casper496,M,GENERAL PRACTICE,400 E 10TH ST,OXFORD,AL,362031951,33.5853695,-85.91428175037092,28,POINT(-85.91428175037092 33.5853695)
01c4299c-7699-32fa-9f0a-0e4e19efcd74,abef6c33-4e89-3ea7-9c0f-437251af3e05,Merlin721 Cruickshank494,M,GENERAL PRACTICE,540 HUGHES ROAD  SUITE 12,MADISON,AL,357588959,34.7133682244898,-86.74193946938776,8,POINT(-86.74193946938776 34.7133682244898)
9b0eb517-09a5-3f70-a225-1bc83c090287,b216d910-bf73-3b06-b777-ca20ec88e334,Emory494 Schuster709,M,GENERAL PRACTICE,1736 E MAIN ST,DOTHAN,AL,363013040,31.218688285088497,-85.36543453906859,26,POINT(-85.36543453906859 31.218688285088497)
69ebaeed-8b01-3f3f-a3a0-4cf6f786ab06,6367c78e-08e1-3639-b393-7afef082a682,Olympia319 Ward668,F,GENERAL PRACTICE,1810 STADIUM DR,PHENIX CITY,AL,368673179,32.49819665273553,-85.01714595700592,57,POINT(-85.01714595700592 32.49819665273553)
13584e98-cebd-36b3-8dd6-7f81b7792953,086dfff5-3e88-3d65-a349-c5280321e5b0,Simone657 Harris789,F,GENERAL PRACTICE,3615 SOUTH RAILROAD STREET  SUITE 3,PHENIX CITY,AL,368675452,32.496957761953915,-85.04057345619412,9,POINT(-85.04057345619412 32.496957761953915)
5af11390-9550-309d-b0aa-f8b33ba1cc7b,34841660-42f0-3441-8839-3b9613b98cbf,Sharilyn202 Wolff180,F,GENERAL PRACTICE,105 US HIGHWAY 80 E,DEMOPOLIS,AL,36732,32.5178284,-87.8368201,11,POINT(-87.8368201 32.5178284)
09d247bf-9234-33de-b878-1a678b648f1e,d2387c5a-78a0-3d88-abc6-e2aa1a55c8a8,Jacki842 Bode78,F,GENERAL PRACTICE,312 BRYAN DRIVE,OZARK,AL,363601120,31.473135901938587,-85.63619498475018,10,POINT(-85.63619498475018 31.473135901938587)
71afef87-4855-3134-874d-c9b8e0dd21d5,229d6481-cada-3fa1-92de-a6da9bd8d4ea,Angle307 Brakus656,F,GENERAL PRACTICE,2699 SANDLIN RD SW,DECATUR,AL,356017343,34.56067,-86.991128,25,POINT(-86.991128 34.56067)
f3757726-92ca-3b4c-acce-05a04355a647,3b9dc220-d224-3401-aa47-5ed77e550134,Cora299 Pagac496,F,GENERAL PRACTICE,132 SOUTH PANAMA STREET,MONTGOMERY,AL,361101812,32.379251570053825,-86.27463880473918,21,POINT(-86.27463880473918 32.379251570053825)
542e31e2-ea1b-34f0-9005-f38ef3ee59c4,6e0df8a1-c302-35a5-85b4-d5f339213559,Charlott617 Turcotte120,F,GENERAL PRACTICE,2639 GILMER AVENUE,TALLASSEE,AL,360787231,32.56976,-85.938292,3,POINT(-85.938292 32.56976)
bb102892-5149-3f61-9e89-09d603f433d3,e9d13925-e3a4-3988-96cb-b2d325472a90,Yoshiko258 Keeling57,F,GENERAL PRACTICE,213 WILSON MANN ROAD,OWENS CROSS ROADS,AL,357638606,34.587521571428574,-86.45394342857143,21,POINT(-86.45394342857143 34.587521571428574)
973cf7c3-6756-3a76-8cab-85bd57851fb4,2bf5c682-859b-3798-bf4d-d10635c0618a,Paz9 Gerlach374,F,GENERAL PRACTICE,126 HOSPITAL AVE,OZARK,AL,363602018,31.4511675,-85.6320623498164,177,POINT(-85.6320623498164 31.4511675)
63f3c122-4e43-39db-9ad5-7511890e54cb,bcdff0f4-9f91-3096-b6d5-55b30d8039b5,Donny470 Predovic534,M,GENERAL PRACTICE,3719 DAUPHIN ST,MOBILE,AL,366081753,30.6847189,-88.13015691580881,28,POINT(-88.13015691580881 30.6847189)
22edf564-ef3f-369a-a7da-048e6b3e911b,577f163c-a414-3f09-a4b1-7d4c3ad0218c,Scottie437 Johnston597,M,GENERAL PRACTICE,50 MEDICAL PARK DR E,BIRMINGHAM,AL,352353401,33.595315299999996,-86.66763066940506,128,POINT(-86.66763066940506 33.595315299999996)
a44c5e51-8b4d-3fcd-9684-b64b8ae26de9,6306cd44-fec7-3b8a-9ec3-9f47e33e4baf,Maryetta775 Bartell116,F,GENERAL PRACTICE,1300 S MONTGOMERY AVE,SHEFFIELD,AL,35660,34.746119,-87.70076056923517,129,POINT(-87.70076056923517 34.746119)
d33bfefd-143b-373d-ab63-465cde778ebe,e09afddd-f3aa-39b1-9a67-4eb7cead0315,Kori635 Aufderhar910,F,GENERAL PRACTICE,200 MED CENTER DRIVE,FORT PAYNE,AL,359683458,34.4442547,-85.7196893,24,POINT(-85.7196893 34.4442547)
f9877130-d87e-3ccd-86b7-ea897f9e3083,c9ff4347-df2e-3cfc-9463-ec3141f6e094,Katelynn452 Ledner144,F,GENERAL PRACTICE,1650A S COLLEGE ST,OPELIKA,AL,368011512,32.6454116,-85.3782795,7,POINT(-85.3782795 32.6454116)
c5817a27-66a1-3cc1-af9c-cab59fdb6f50,959bb953-87bc-3012-b8a1-ad06cdca3558,Shelby741 Shields502,M,GENERAL PRACTICE,1117 TUSCALOOSA AVENUE,GADSDEN,AL,359013005,34.024961,-86.017565,65,POINT(-86.017565 34.024961)
67cde815-4716-31d2-acef-590bb7fb6b8a,96cca139-bb3c-359d-bc22-6eac15c3368c,Thomasina264 Daniel959,F,GENERAL PRACTICE,1020 TUSCALOOSA AVENUE  SW,BIRMINGHAM,AL,352111619,33.4960461627907,-86.84902132558139,10,POINT(-86.84902132558139 33.4960461627907)
3d87fa24-6d12-3825-b147-65518ca0bfcf,a8c6f3c3-2915-355a-9261-a3fc546778a5,Sharyl439 Williamson769,F,GENERAL PRACTICE,1160 HUFFMAN ROAD,BIRMINGHAM,AL,352157502,33.61253170173211,-86.68751590434624,84,POINT(-86.68751590434624 33.61253170173211)
3be9973b-04fc-35fa-b0c6-d140e69f2b37,a47f54bf-67a0-33bd-a58a-4252f339f8c2,Josue598 D'Amore443,M,GENERAL PRACTICE,651 MAIN ST STE 159,GARDENDALE,AL,350712793,33.639858,-86.809549,1,POINT(-86.809549 33.639858)
4f456ba1-83e2-352c-bf40-d210e0e5d377,67fdfff9-8fd2-3c15-9636-5ddfbb359afc,Jay242 Dach178,M,GENERAL PRACTICE,616 CHAFFEE STREET,TALLADEGA,AL,351602809,33.4292338723532,-86.08793959478012,3,POINT(-86.08793959478012 33.4292338723532)
01ead626-83a0-395d-afcd-17487f81840a,98e3cb49-d048-3965-b49c-7f161362c9fb,Hunter736 Lesch175,M,GENERAL PRACTICE,126 HOSPITAL AVE,OZARK,AL,363602018,31.4511675,-85.6320623498164,6,POINT(-85.6320623498164 31.4511675)
1846bfc6-8268-3197-ab4b-b205906d73fd,18cc04df-5c1d-33dc-b8cf-3581490d9c8c,Joe656 Jakubowski832,M,GENERAL PRACTICE,1316 NOBLE STREET,ANNISTON,AL,362014643,33.661287,-85.829887,5,POINT(-85.829887 33.661287)
176794e6-44f4-3ed1-9ab5-67369c26b5c3,5272a31e-c9c1-3683-9779-f0af80a6dc1d,Jess275 Gutmann970,M,GENERAL PRACTICE,42950 U.S. HIGHWAY 72,STEVENSON,AL,357725459,34.8686934,-85.83942,1,POINT(-85.83942 34.8686934)
1867a870-7a29-3683-acce-cb1c724ffe29,e688835e-8428-3d63-a7d6-3db56d026bff,Son314 Hirthe744,F,GENERAL PRACTICE,750 ALABAMA HIGHWAY 75 NORTH,ALBERTVILLE,AL,359514014,34.2675937,-86.2088669,2,POINT(-86.2088669 34.2675937)
6f06fc49-bc83-3940-a2e7-4959087107bb,29035244-1d2a-377f-b5a7-5d399d331263,Kimi714 Mills423,F,GENERAL PRACTICE,820 GOLF COURSE ROAD,BESSEMER,AL,350226024,33.369460992024145,-86.99204298166926,1,POINT(-86.99204298166926 33.369460992024145)
34095a6a-9914-33ae-b0c7-1ad6231d5e04,00e7b3d2-88df-30b7-9228-c31b73e7d57e,Latoria810 Eichmann909,F,GENERAL PRACTICE,6801 AIRPORT BLVD,MOBILE,AL,366083709,30.679321,-88.19853998167432,143,POINT(-88.19853998167432 30.679321)
c7b0b491-751f-30ce-8b92-701d07cbd14b,76b53d83-b771-34d8-91f7-8cfdbbb2cdbd,Shayne60 Pacocha935,M,GENERAL PRACTICE,4735 NORREL DRIVE  SUITE 129,TRUSSVILLE,AL,351733606,33.64073020271678,-86.61434185783061,1,POINT(-86.61434185783061 33.64073020271678)
8499d730-5b8b-3767-8762-47d0c2b3f9aa,04e14ae8-b30b-38fe-9f55-a1efe8e7b45c,Dorian295 Gaylord332,M,GENERAL PRACTICE,805 FLAGG CIR,FLORENCE,AL,356303362,34.807887550000004,-87.68736268322607,1,POINT(-87.68736268322607 34.807887550000004)
9326ebdf-8fe4-366c-a87e-fcd91e56cc41,0dd69b40-8bf3-326d-9cc7-3d31ba4a6cc5,Leonarda398 Schumm995,F,GENERAL PRACTICE,500 22ND ST S,BIRMINGHAM,AL,352491900,33.509335,-86.798656,27,POINT(-86.798656 33.509335)
9f1de789-e841-3ea4-9126-7dc2a84b620e,4dd49bf4-339f-3eac-acdc-b356a8447eab,Todd315 Abernathy524,M,GENERAL PRACTICE,315 SAINT LUKES DRIVE,MONTGOMERY,AL,361177109,32.3669656,-86.3006485,4,POINT(-86.3006485 32.3669656)
14c6b606-bbcb-3c97-92f7-5ec85df7c65d,cb6200b6-d9d3-3706-b7b1-cbe7125ab935,Lauri399 Beahan375,F,GENERAL PRACTICE,285 CALUMET PLACE  SUITE 200,TRUSSVILLE,AL,351733251,33.61402315602514,-86.62401668311651,12,POINT(-86.62401668311651 33.61402315602514)
c56f5602-eacc-3a8b-8e16-f0a50363deef,d99c126d-14f7-3de4-a1b8-840a7d073f68,Cletus494 Paucek755,M,GENERAL PRACTICE,400 N EDWARDS STREET,ENTERPRISE,AL,363302510,31.318424999999998,-85.85468880157622,87,POINT(-85.85468880157622 31.318424999999998)
eab2b6a7-15bc-3c2f-a404-fcd45b64a2ef,96f3538e-04cf-39e4-8471-fb95fd68afb7,Carlton317 Koch169,M,GENERAL PRACTICE,50 MEDICAL PARK DR E,BIRMINGHAM,AL,352353401,33.595315299999996,-86.66763066940506,52,POINT(-86.66763066940506 33.595315299999996)
77494c3a-26cc-3d88-be91-852650037a20,5e48e17c-d2df-3ad5-8e36-81bfda8d1477,Emilio417 Barton704,M,GENERAL PRACTICE,500 HOSPITAL DR,WETUMPKA,AL,360921625,32.5526513,-86.18619537633549,3,POINT(-86.18619537633549 32.5526513)
2dd0b828-6192-3ba9-93c4-dc58c549d15a,a0fa18c3-08aa-3148-b00f-80307dfde24a,Danial835 Ratke343,M,GENERAL PRACTICE,2000 PEPPERELL PKWY,VALLEY,AL,368543666,32.8187406,-85.1793852,526,POINT(-85.1793852 32.8187406)
cdfa790a-d0d6-3f99-b2ca-0753d4dc7aec,0100b013-cfb3-395b-9cce-4e18b947b3d2,Retta782 Fritsch593,F,GENERAL PRACTICE,1910 PEPPERELL PKWY,OPELIKA,AL,368015440,32.638385,-85.401517,1,POINT(-85.401517 32.638385)
29c664f8-c535-35a3-9ba1-def5d627faaf,2b7cd274-2621-3684-81be-4708eaaa2587,Elin732 Denesik803,F,GENERAL PRACTICE,401 MEDICAL PARK DR,ATMORE,AL,365023006,31.01701705,-87.47857661925876,313,POINT(-87.47857661925876 31.01701705)
07d04d43-fa57-3b6c-a16a-9af4c9d7ec7b,680fe91b-86a9-3d6b-8548-6be883ea5257,Geneva168 Schneider199,F,GENERAL PRACTICE,208 PIERSON AVE,CENTREVILLE,AL,350422918,32.9513204,-87.14820513875142,1,POINT(-87.14820513875142 32.9513204)
47d9c65d-d9fe-3988-8749-83df1a86d051,12d841e6-c4ee-3b73-bbe8-b4ff41eb152f,Zoraida650 Leannon79,F,GENERAL PRACTICE,1 CROWN CIR,HUNTSVILLE,AL,358025015,34.667309,-86.583224,1,POINT(-86.583224 34.667309)
32cc8ce8-9c36-38a0-9b88-89649ead0e8b,ada45fbf-9ea8-383d-9aca-c9a57d48e1db,Anh979 Schroeder447,F,GENERAL PRACTICE,2152 OLD SPRINGVILLE RD,CENTER POINT,AL,352154005,33.641305900000006,-86.65776258376242,105,POINT(-86.65776258376242 33.641305900000006)
c0723fd4-cac5-3dc6-81d0-356ae752e17d,6aadf583-fa08-35cf-814f-06dd7f260db4,Waylon572 Kovacek682,M,GENERAL PRACTICE,400 NORTHWOOD DR,CENTRE,AL,359601023,34.162022199999996,-85.65113600927694,25,POINT(-85.65113600927694 34.162022199999996)
862e9764-5958-356d-807c-fed1e0ca5076,2d92c2f8-1e85-374b-913a-309efbad648c,Dong972 Auer97,M,GENERAL PRACTICE,200 WEST LAUREL AVENUE  SUITE 210,FOLEY,AL,365351919,30.406515,-87.685156,6,POINT(-87.685156 30.406515)
f81edc8c-ac23-3526-bf31-a4d024050587,39e11039-18af-3da2-bc68-685d59ebadb8,Filiberto722 Keebler762,M,GENERAL PRACTICE,1140 1ST STREET N  STE 200,PELHAM,AL,351242303,33.285669,-86.8099884,20,POINT(-86.8099884 33.285669)
a6098e0c-20f1-38cc-8830-b363f3d62136,a9989711-ee85-3ecc-8bcb-47dacc25ad11,Lane844 Walsh511,M,GENERAL PRACTICE,107 HEALTH CENTER DR,CLANTON,AL,350452344,32.85613155271531,-86.62282634555788,13,POINT(-86.62282634555788 32.85613155271531)
5511b886-e5ff-3e21-83a7-78ea2f6fa9fe,14669966-030c-3154-8d71-c7f36d4844fd,Alta896 Pfannerstill264,F,GENERAL PRACTICE,2820 AL HIGHWAY 68 W,SANDROCK,AL,359834200,34.280984,-86.308853,22,POINT(-86.308853 34.280984)
d2c11521-820b-39f1-9f20-16045c0b0da1,71e96099-a326-3262-a38b-41169fc90dc7,Clyde817 Konopelski743,F,GENERAL PRACTICE,2030 LAY DAM RD,CLANTON,AL,350458344,32.8764654112773,-86.6236554749548,43,POINT(-86.6236554749548 32.8764654112773)
485679ee-0660-3319-b316-968c0c3d4c22,7949f7ad-667e-3e6e-a936-e9f0dbbe061e,Marleen824 Ziemann98,F,GENERAL PRACTICE,1110 E 6TH ST STE D,MUSCLE SHOALS,AL,356613957,34.7436791,-87.6532615,2,POINT(-87.6532615 34.7436791)
a1c9c4d5-cf40-3632-85d1-ba176a5d5420,b5067601-4bc7-31fb-9e4f-1dda0e5e50e1,Marc757 Kreiger457,M,GENERAL PRACTICE,101 STEPHEN J WHITE MEMORIAL BLVD,TALLADEGA,AL,351602106,33.62664,-85.882606,28,POINT(-85.882606 33.62664)
346628eb-4596-3a2c-8749-548f782ccd8b,eab7ee22-94ba-30d9-a4c7-b3abc075e0c8,Linn541 Lynch190,F,GENERAL PRACTICE,3601 STILLMAN BLVD,TUSCALOOSA,AL,354012601,33.20086,-87.585959,48,POINT(-87.585959 33.20086)
94ca62fe-80b5-347d-b1c6-a93d2c5ead79,3abb4e2b-a400-3d68-99cd-247ae8a432b8,Fawn386 Hettinger594,F,GENERAL PRACTICE,3143 PELHAM PKWY STE 100,PELHAM,AL,351242028,33.287726,-86.810503,8,POINT(-86.810503 33.287726)
ec4367c4-f056-3106-952b-c4410c9dfa2b,a67b1e17-eb80-36f8-a3b1-ac4c47e430d4,Emory494 Sawayn19,M,GENERAL PRACTICE,7191 CAHABA VALLEY RD STE 102,BIRMINGHAM,AL,352426507,33.425189921163096,-86.66915972500088,52,POINT(-86.66915972500088 33.425189921163096)
b6e1f3dd-1b16-3035-8431-89fbed647247,4578c543-41a4-3cba-b1f6-b6a2c89e99bd,Dean966 Kris249,M,GENERAL PRACTICE,2908 MCGEHEE RD,MONTGOMERY,AL,361112103,32.33763039164318,-86.26245389744497,4,POINT(-86.26245389744497 32.33763039164318)
0f5babd4-8e7f-34e5-baa6-9a6501695c57,a9555f22-47cf-3181-9ecd-4b21a487c9fd,Louis204 Hauck852,M,GENERAL PRACTICE,805 FRIENDSHIP RD,TALLASSEE,AL,360781234,32.534988,-85.910695,21,POINT(-85.910695 32.534988)
3bbf2db1-1ac2-319a-9c93-529c56d1d289,b81810d5-20ac-3370-95c8-da305e968c1a,Thaddeus38 Sauer652,M,GENERAL PRACTICE,1926 HIGHWAY 31 S,BIRMINGHAM,AL,352441141,33.5206824,-86.8024326,1,POINT(-86.8024326 33.5206824)
603b8a3f-20eb-31da-b2b7-63a111d31531,2302ef97-fb06-33dd-b2fb-b714e9a78736,Michaele314 Schoen8,F,GENERAL PRACTICE,122 N 20TH ST BLDG 24,OPELIKA,AL,368015442,32.6454116,-85.3782795,35,POINT(-85.3782795 32.6454116)
5eef421f-5311-37fe-a2e2-eafecfe61236,bacbb246-4bcf-352a-afea-449ca1e38d30,Numbers230 Stehr398,M,GENERAL PRACTICE,201 MARIARDEN RD,DADEVILLE,AL,368536244,32.8187446,-85.74108716258237,45,POINT(-85.74108716258237 32.8187446)
c965be8c-dfbc-3a0b-b4c3-bceca0bfa21a,23ea6d78-a8ea-3a98-a00a-29f48edbd9b8,Karin721 Sporer811,F,GENERAL PRACTICE,1501 7TH ST SE,DECATUR,AL,356013378,34.59124223333333,-86.96772608333333,37,POINT(-86.96772608333333 34.59124223333333)
6ca84e63-786e-338a-875e-9ff7abf874b6,7e7c307f-f827-3c92-819c-cab442d4ecbc,Leatha675 Medhurst46,F,GENERAL PRACTICE,3847 OLD US HIGHWAY 278 E,HOKES BLUFF,AL,359037507,33.9981546,-85.8663574,58,POINT(-85.8663574 33.9981546)
6f90a985-3e38-34bd-a997-963abb809533,9c679268-a54a-315c-a8c4-ae2b9329895b,Gil594 Schroeder447,M,GENERAL PRACTICE,4735 NORREL DR,TRUSSVILLE,AL,351733604,33.64073020271678,-86.61434185783061,31,POINT(-86.61434185783061 33.64073020271678)
a385ae63-ceb5-39be-bbdc-bc7323f03be3,001f96ba-a42c-3433-b63a-c763ee2d44e3,Majorie11 Bergstrom287,F,GENERAL PRACTICE,1116 MITT LARY RD,NORTHPORT,AL,354754978,33.301889,-87.575048,63,POINT(-87.575048 33.301889)
c75dd769-804f-38e1-82bc-b28239b20471,a2d9cea1-f6ac-3396-8718-d0e9b1eb2ff3,Williams176 McLaughlin530,M,GENERAL PRACTICE,53 MEDICAL PARK DRIVE EAST,BIRMINGHAM,AL,352353402,33.5977313,-86.6645124,3,POINT(-86.6645124 33.5977313)
1b1b2da7-fe20-3a22-b9a8-ca54e4a2af62,54f918ff-b729-339e-9f2e-8b86c0674f40,Albert312 D'Amore443,M,GENERAL PRACTICE,359 JAMES ST,OZARK,AL,363602014,31.45225908333333,-85.63320904166666,49,POINT(-85.63320904166666 31.45225908333333)
1babe06e-c5ab-366c-9fce-bdf1816d085b,a5292051-bd58-3cfb-82ff-8f7195671a33,Cathey606 Kiehn525,F,GENERAL PRACTICE,2350 SCHILLINGER ROAD SOUTH,SEMMES,AL,365755409,30.778688,-88.2588427,2,POINT(-88.2588427 30.778688)
2883d64b-3fcc-3e30-be7c-83e10118cef6,3197ed94-a2bb-3adc-9756-a76b34f775ba,Tommy814 Witting912,F,GENERAL PRACTICE,118 6TH STREET SOUTH,CLANTON,AL,350453540,32.83846390281033,-86.62928412255421,5,POINT(-86.62928412255421 32.83846390281033)
4921d078-8f6b-3f14-a202-f0b69a228404,053ff3d4-a68e-39fe-8314-c06491e10c6e,Iraida50 Lehner980,F,GENERAL PRACTICE,201 OATES STREET,NEWTON,AL,36352,31.1551367,-85.4022835,43,POINT(-85.4022835 31.1551367)
e6e992c7-b8da-3106-8bf3-c83516897cbb,dd7f4a9c-c377-3ca5-9e77-803eb78106f8,Almeda560 Okuneva707,F,GENERAL PRACTICE,4370 WEST MAIN STREET,DOTHAN,AL,363051056,31.2383406,-85.4566177702574,4,POINT(-85.4566177702574 31.2383406)
9d567030-b52b-31f3-aacd-c5fdf902c9de,8e7e1f3a-742d-302d-ad7a-221c2977d948,Cristi782 Miller503,F,GENERAL PRACTICE,700 EAST COTTONWOOD RD,DOTHAN,AL,363013644,31.20387685,-85.38423213526934,51,POINT(-85.38423213526934 31.20387685)
7445ccdb-3b80-3c04-b4fd-ed6b85b3f8f2,20ba1d56-06e3-31d6-85f3-b7a9bba5d34d,Olin642 Padberg411,M,GENERAL PRACTICE,301 E 18TH ST,ANNISTON,AL,362073952,33.668161,-85.82380499027312,11,POINT(-85.82380499027312 33.668161)
a4298e9a-e857-3fde-86d0-6ce305aaa1d2,55851e18-097e-3257-bdfc-eb79bdfa51b2,Dorethea38 Casper496,F,GENERAL PRACTICE,114 MILL CREEK RD,PLEASANT GROVE,AL,351271962,33.4909405,-86.9702714,29,POINT(-86.9702714 33.4909405)
e83b591b-47f3-3ba9-b6ad-d784af0daced,2ce2985e-3a47-3ac8-86be-fdcec2f3c952,Marlene554 Hammes673,F,GENERAL PRACTICE,2100 RIVERCHASE CTR  STE 450,MCCALLA,AL,351113460,33.3062319,-87.0241656,24,POINT(-87.0241656 33.3062319)
3fd70770-4352-32d3-8580-28ba51d999d8,91150545-1c1a-3059-9ad2-a1748f78d932,Laurence43 Nienow652,F,GENERAL PRACTICE,266 INDUSTRIAL DR,RAINSVILLE,AL,359864462,34.4942536,-85.8477494,1,POINT(-85.8477494 34.4942536)
c2e0cf25-15d3-3ddd-9502-dc9c46cb04e3,5d4b6ec0-95c0-37df-a088-4c0db9775768,Marcus77 Schamberger479,M,GENERAL PRACTICE,50 MEDICAL PARK DR E,BIRMINGHAM,AL,352353401,33.595315299999996,-86.66763066940506,273,POINT(-86.66763066940506 33.595315299999996)
1abf1c68-3c92-34a1-9514-24107fdf3896,8d681261-7b22-3491-9d3e-9fc349e4933d,Teodoro374 Koss676,M,GENERAL PRACTICE,206 Vaughan Memorial Drive,Selma,AL,36701,32.4833,-86.9982,267,POINT(-86.9982 32.4833)
a1f327cb-e9e4-3797-87ad-9f4586cd28ef,2fa6f59f-e1ee-3153-b39a-cdd19ab10816,Courtney281 Hilpert278,M,GENERAL PRACTICE,1837 UPPER WETUMPKA RD,MONTGOMERY,AL,361071333,32.385966,-86.282519,2,POINT(-86.282519 32.385966)
33b47b10-882c-391a-91cb-38672dbdb770,3a360af7-f3ea-34ea-b5ce-61e4bbe37b9e,Gordon377 Reichert620,M,GENERAL PRACTICE,210 FIELDSTOWN RD,GARDENDALE,AL,350712418,33.65168882653061,-86.81261301020409,1,POINT(-86.81261301020409 33.65168882653061)
5f99e9d8-7127-3143-9762-ab57aab8d06c,acd48612-6ee9-3d3c-a74c-d634dd50812f,Maragaret140 Erdman779,F,GENERAL PRACTICE,420 COTTON GIN RD,CLANTON,AL,350452305,32.8387371,-86.6294262,34,POINT(-86.6294262 32.8387371)
6a3b9cce-a3dc-3615-8ebd-42287cddf0b8,65bfc998-33c1-3978-86e7-ace1477fc2e8,Nicholle822 Crooks415,F,GENERAL PRACTICE,400 TAYLOR RD,MONTGOMERY,AL,361173555,32.38793087577623,-86.17603444768903,56,POINT(-86.17603444768903 32.38793087577623)
a749cb8f-aa20-3d01-9e60-4bf68d437655,967a8e1c-4a1c-3563-9d42-46f6be3fc0d6,Thea616 Lemke654,F,GENERAL PRACTICE,210 WESTSIDE DR,DOTHAN,AL,363031928,31.237969449375903,-85.45280775034493,11,POINT(-85.45280775034493 31.237969449375903)
ca7ec4ff-0347-3883-a044-37a55187bec9,691283ce-8ad4-39de-bcf5-5b5cfe91f577,Cari853 Kohler843,F,GENERAL PRACTICE,415 MEDICAL CENTER DR SW,FORT PAYNE,AL,359683421,34.439516252461196,-85.75573519014289,7,POINT(-85.75573519014289 34.439516252461196)
82ad4839-0aea-3dfc-8337-6b45b7b05d9a,4b1136ce-141f-3879-95f3-ae160a224fd7,Korey682 Schumm995,M,GENERAL PRACTICE,2625 LAUREL OAK DRIVE,BESSEMER,AL,350225440,33.4017766,-86.954437,4,POINT(-86.954437 33.4017766)
abd5e878-4d1e-3007-8b19-a5e82546d259,6bef26ce-825a-38c0-8000-d68926f0f21b,Carlos172 Gollum504,M,GENERAL PRACTICE,700 HUTCHINS AVE,GADSDEN,AL,359011876,34.04186712565195,-85.95930386543753,1,POINT(-85.95930386543753 34.04186712565195)
bcd97d3a-1d98-304a-ab3e-c2c454452527,b0affc2b-478a-342a-8979-66555b40efe0,Elaina826 Ferry570,F,GENERAL PRACTICE,3477 LOWERY PKWY STE 137,FULTONDALE,AL,350681737,33.6049196,-86.8072177,2,POINT(-86.8072177 33.6049196)
851d22e8-3b0a-3dd8-a5f1-1c6edaf5b2cb,14b4c57d-54cd-37bd-a53d-f6a5834c4dc3,Rudolf736 Vandervort697,M,GENERAL PRACTICE,101 SIVLEY RD SW,OWENS CROSS ROADS,AL,357638753,34.5881461,-86.4588768,298,POINT(-86.4588768 34.5881461)
57da2230-984d-3178-9b0c-2b331c4b9f36,6a27ffbc-0a1b-3b1a-89b6-1844220baa86,Thomas756 Bosco882,M,GENERAL PRACTICE,2911 EARL GOODWIN PARKWAY,SELMA,AL,367032825,32.43841556122449,-87.01442367346938,1,POINT(-87.01442367346938 32.43841556122449)
a2bb2800-0d72-3551-8d14-aa39c413e427,728af2f8-ff4e-3e91-8434-9aa79b860dab,Agnes294 Dooley940,F,GENERAL PRACTICE,3690 GRANDVIEW PKWY,BIRMINGHAM,AL,352433326,33.43373785,-86.71846059473762,23,POINT(-86.71846059473762 33.43373785)
95e2f639-8ea4-3050-bbbc-6fdf882197c7,b36a1795-73b3-33d4-9ea3-56381ac142eb,Araceli695 Willms744,F,GENERAL PRACTICE,3690 GRANDVIEW PKWY,BIRMINGHAM,AL,352433326,33.43373785,-86.71846059473762,140,POINT(-86.71846059473762 33.43373785)
d716682d-c4d4-355c-85ea-8c9259d6fa6d,a0a1b59a-5464-3109-81a6-901094238837,Devon268 Farrell962,F,GENERAL PRACTICE,200 ALABAMA AVENUE,MUSCLE SHOALS,AL,356613102,34.742866,-87.638412,3,POINT(-87.638412 34.742866)
0c2b4492-c3e7-3743-b6df-d25d430d7d2c,2e4f4bd1-7a6c-37d4-bc75-11d304a45f3b,Terrence276 Kiehn525,M,GENERAL PRACTICE,101 SIVLEY RD SW,HUNTSVILLE,AL,358014421,34.7205801,-86.58101733422603,10,POINT(-86.58101733422603 34.7205801)
856a12e5-53c0-3496-9b83-f58af8baa079,2d6a2ff0-53e9-3b65-905e-f5f4aae7c5db,Santos184 Kirlin939,M,GENERAL PRACTICE,1718 VETERANS MEMORIAL PKWY,TUSCALOOSA,AL,354044708,33.197178,-87.479308,30,POINT(-87.479308 33.197178)
0dd2da5c-6fcf-3e35-9649-4e639b31a05a,29e3da40-29d3-3bc9-846c-256ee39faae7,Margarito178 Stroman228,M,GENERAL PRACTICE,30 7TH STREET,PLEASANT GROVE,AL,351271962,33.48961979809595,-86.95731405706098,2,POINT(-86.95731405706098 33.48961979809595)
68e9172f-7e00-3dfd-a245-9b8d1a0bc916,413eff3d-152e-3246-8391-506523c87273,Bernardo699 Homenick806,M,GENERAL PRACTICE,151 N 20TH ST,OPELIKA,AL,368015423,32.63607531107101,-85.40370166807118,2,POINT(-85.40370166807118 32.63607531107101)
abe0ab1b-3634-3d9d-8289-1cabf682f00f,4e377184-79c8-3633-a0c7-7435c31f4899,Francisco472 Valent√≠n837,M,GENERAL PRACTICE,4401 NARROW LANE RD,MONTGOMERY,AL,361162953,32.322758,-86.281957,2,POINT(-86.281957 32.322758)
d42275d6-ccc2-3063-bfae-4f0c3c3f0070,d66773da-82a0-3a6e-8b42-7f47cae0fb53,Adelaide981 Leuschke194,F,GENERAL PRACTICE,1661 SHUG JORDAN PKWY  UNIT 505,AUBURN,AL,368300258,32.577663,-85.497818,3,POINT(-85.497818 32.577663)
c56883b9-eb81-3ab0-841f-de6e141d0ae0,15dfb1d1-4a5f-34e3-9fdd-4e8ea0795bc2,Lindsay928 Leffler128,M,GENERAL PRACTICE,218 HOSPITAL AVE STE B,OZARK,AL,363608566,31.45074819778209,-85.63107019055163,42,POINT(-85.63107019055163 31.45074819778209)
a1b9dd49-4a22-3d15-b822-c31fd5addf8f,fc531861-e111-3000-a72c-ecfbc54228eb,Carmen818 Christiansen251,M,GENERAL PRACTICE,5152 COLONIAL PARK RD,HELENA,AL,350803395,33.2937354,-86.93437519805573,91,POINT(-86.93437519805573 33.2937354)
480e312c-bfca-38a2-85bf-98270d251988,162bff75-c29e-3fc5-a0a1-20cbb0a874db,Noe500 Roob72,M,GENERAL PRACTICE,3350 S COURT ST,MONTGOMERY,AL,361051606,32.34774760377035,-86.30837289493587,12,POINT(-86.30837289493587 32.34774760377035)
132931bb-f191-3b8c-a43e-1137fde3da18,05c7ee17-cfb8-3b84-b3af-dad41f512c1d,Kristopher775 Roob72,M,GENERAL PRACTICE,2700 HOSPITAL DR,NORTHPORT,AL,354763360,33.2347532,-87.57095112277796,86,POINT(-87.57095112277796 33.2347532)
f3497db4-00f5-35f5-bdc6-ca2a54859af8,44823a41-abe1-381a-b05f-d93326490461,Sam879 Rippin620,F,GENERAL PRACTICE,380 WOODS COVE RD,SCOTTSBORO,AL,357694161,34.66148285,-86.04827417427157,48,POINT(-86.04827417427157 34.66148285)
7a9785ae-24c5-3db4-a0f4-1169f1398d8b,f28106e2-cdbf-3065-a380-89dfccbdf42d,Jim478 Goyette777,M,GENERAL PRACTICE,1000 FIRST STREET NORTH,PELHAM,AL,351241323,33.285669,-86.8099884,1,POINT(-86.8099884 33.285669)
7f87a57e-9726-3cfa-9969-26898d7a02a4,02df3024-3fdd-39e8-a23b-f3068828bfef,Theodore876 Ankunding277,M,GENERAL PRACTICE,805 FRIENDSHIP RD,TALLASSEE,AL,360781234,32.534988,-85.910695,2,POINT(-85.910695 32.534988)
af7c3747-4080-393e-9e6f-753dce00c48d,4081f870-4ace-3b97-bd4c-650878cc7ca8,Cleveland582 Kuphal363,M,GENERAL PRACTICE,3001 SCENIC HWY,GADSDEN,AL,359043047,34.0725154,-86.0196571,88,POINT(-86.0196571 34.0725154)
5664d5d5-35a1-380f-8da5-d623a20fae3f,a8127f65-0cda-357a-be4a-16e064f460f5,Javier97 Collier206,M,GENERAL PRACTICE,1635 HIGHWAY 31 NW,HARTSELLE,AL,356404426,34.4435937,-86.9347899,2,POINT(-86.9347899 34.4435937)
5cc8e66b-c976-3503-b261-c32dbebec41c,c2544cf6-b8be-3f15-bfc0-b7983295cde9,Garrett899 Volkman526,M,GENERAL PRACTICE,1302 SOUTH BROAD STREET,STEVENSON,AL,357723781,34.8686934,-85.83942,33,POINT(-85.83942 34.8686934)
e737f7ad-4aeb-330b-83a7-8f955b492a59,dcf892ad-877d-3433-ad2c-9951a9578cc6,Hattie299 Kuhlman484,F,GENERAL PRACTICE,707 W MARKET ST,ATHENS,AL,356112463,34.8045487,-86.9711698,7,POINT(-86.9711698 34.8045487)
a7383101-97df-3690-b601-49d4dfd2bf45,5d533487-b4b5-36ca-9919-364fb3906f9a,Cesar434 Lehner980,M,GENERAL PRACTICE,23800 JOHN T REID PKWY,SCOTTSBORO,AL,357682841,34.645001,-86.041654,25,POINT(-86.041654 34.645001)
526ed787-2d6c-3e69-9dea-f9b4a6397cc1,7341b088-ca75-30bc-b47c-1281f630a07b,Tynisha348 Walsh511,F,GENERAL PRACTICE,2326 MORGAN AVENUE SOUTHWEST,DECATUR,AL,356016244,34.569793500018626,-87.0079224796504,1,POINT(-87.0079224796504 34.569793500018626)
faa0fa76-27a5-30f9-b67e-0c4fa97346d8,33d7e572-6b18-34c2-9c86-b021976cd981,Sherika987 Corkery305,F,GENERAL PRACTICE,608 NORTH MAIN STREET,LINDEN,AL,367481221,32.31292,-87.7986221,26,POINT(-87.7986221 32.31292)
bbff6e9c-613b-3d96-abd0-5b254f81e319,3356be1b-2d0d-3a90-9b9e-745a7f2b08de,Geraldo282 Huel628,M,GENERAL PRACTICE,900 OAK MOUNTAIN COMMONS LANE,PELHAM,AL,35124,33.2840057,-86.7981238,233,POINT(-86.7981238 33.2840057)
3c932297-d477-33bb-8221-08b51945d308,5006c27e-e774-35a7-a0e2-b95760ad8445,Crissy767 Wilkinson796,F,GENERAL PRACTICE,300 MEDICAL CENTER DRIVE  SUITE 403,GADSDEN,AL,359031157,34.010929,-85.9989596,15,POINT(-85.9989596 34.010929)
48298208-12d7-304c-b661-47f5c95a385a,2d6198f5-3cd9-3090-867e-58a138f390d7,Antonia30 Hackett68,M,GENERAL PRACTICE,5107 MOORES MILL RD,HUNTSVILLE,AL,358111007,34.7953984,-86.536337,34,POINT(-86.536337 34.7953984)
fa205b05-668c-3863-ad50-7a06b7ff8f53,6e4c84de-69b3-3299-b993-90d294a01057,Sasha806 D'Amore443,F,GENERAL PRACTICE,500 22ND ST S,BIRMINGHAM,AL,352491900,33.509335,-86.798656,2,POINT(-86.798656 33.509335)
fd29010f-6841-3f6a-b2f9-0ccbd588e80f,6b019d13-5526-352a-b8ba-575caed23f82,Broderick767 Reynolds644,M,GENERAL PRACTICE,2201 ARLINGTON AVE,BESSEMER,AL,350204221,33.403549860000005,-86.94641756,46,POINT(-86.94641756 33.403549860000005)
e798b898-1710-37dd-9341-4bc9cfc221c5,72fb31ac-ffe4-3f53-b10b-4b67c8359c3b,Dusty207 Franecki195,M,GENERAL PRACTICE,295 JACKSON HWY S,GROVE HILL,AL,364513231,31.3882223,-87.6547143,17,POINT(-87.6547143 31.3882223)
96e763f7-559e-3ae5-8b4a-f0d26ccb6c63,45d803e0-1ae0-3145-bb11-42c538ac8caa,Len277 Wintheiser220,M,GENERAL PRACTICE,2834 MOODY PKWY,MOODY,AL,350043101,33.589926640659236,-86.49730397926695,30,POINT(-86.49730397926695 33.589926640659236)
48f87bc3-dbe2-3f60-adaa-05d3c23e1073,9ef98d2a-54d8-3f12-97c8-c1e1b9521047,Leoma634 Jaskolski867,F,GENERAL PRACTICE,1725 PINE STREET 5TH FLOOR NORTH WING,MONTGOMERY,AL,361061109,32.3669656,-86.3006485,34,POINT(-86.3006485 32.3669656)
a2732f6f-e00b-3253-a725-dc165fc961eb,f52f9253-66ea-38d6-b8a6-414849014a02,Jeffry142 Legros616,M,GENERAL PRACTICE,702 SOUTH 13TH STREET,LANETT,AL,368632834,32.85765073465963,-85.19875665290027,7,POINT(-85.19875665290027 32.85765073465963)
d709c912-3f54-37e0-961e-e9b03c564197,e77594d5-4d37-3dfd-9e60-12de869b6a1f,Leo278 Pacocha935,M,GENERAL PRACTICE,1815 HAND AVE,BAY MINETTE,AL,365074110,30.90380695,-87.78495512441062,29,POINT(-87.78495512441062 30.90380695)
39fb22e3-6b76-3c3a-8ae0-b758a729db9b,0da6b3db-ef7a-3e17-bcf3-3dbee5107336,Tyson541 Hettinger594,M,GENERAL PRACTICE,2103 DRAKE AVE SW,HUNTSVILLE,AL,358055107,34.705304985647444,-86.59232854789455,25,POINT(-86.59232854789455 34.705304985647444)
8b77225c-b863-3fbc-8a35-d601f5078a97,e656fdae-d6ee-3d8c-ab2d-f1284c97f797,Veronika907 Rogahn59,F,GENERAL PRACTICE,5800 SOUTHLAND DR,MOBILE,AL,366933313,30.624372100000002,-88.17744449347725,55,POINT(-88.17744449347725 30.624372100000002)
5ad58832-7649-3b09-8708-2c9ce2fa8f7b,20716549-ff5e-3e46-9e58-e26f075f0ea9,Jerrell6 Rippin620,M,GENERAL PRACTICE,2700 HOSPITAL DR,NORTHPORT,AL,354763360,33.2347532,-87.57095112277796,160,POINT(-87.57095112277796 33.2347532)
24fd436d-5328-3891-bda7-f23be4b516ef,ec1ac56b-b5b4-3001-bbe6-200f8a269134,Cami698 Wintheiser220,F,GENERAL PRACTICE,1052 ROSS CLARK CIRCLE,DOTHAN,AL,363031880,31.218238934353963,-85.36111044067542,12,POINT(-85.36111044067542 31.218238934353963)
443720c0-7ef1-3358-8d7b-503f99edc14a,93dc9800-56e0-36a9-9a15-6ff8b24433c8,Dexter530 White193,M,GENERAL PRACTICE,470 TAYLOR RD STE 310,MONTGOMERY,AL,361177109,32.388101874657295,-86.17600018315474,52,POINT(-86.17600018315474 32.388101874657295)
39033ddb-4764-3c2b-beb7-e799332817b9,88f7a92a-e4fb-3bc0-9d03-e02a6f94e25d,Leanne251 Bednar518,F,GENERAL PRACTICE,420 DEAN DRIVE,GARDENDALE,AL,350712763,33.6601033,-86.8127702,18,POINT(-86.8127702 33.6601033)
a4d816bc-f75f-3310-98e3-abfea7ddbc29,b5cc4926-c330-3acc-bcb9-0328aa8bd807,Leontine92 Schmeler639,F,GENERAL PRACTICE,1815 HAND AVENUE,MOBILE,AL,366073515,30.746675207660903,-88.11366136084366,80,POINT(-88.11366136084366 30.746675207660903)
f8316632-4369-3561-86e7-d6f8352fdec1,b9e6f1db-eeed-3a51-b407-fee66a95b7c7,Buck819 Johnson679,M,GENERAL PRACTICE,1088 9TH AVE SW,MCCALLA,AL,35211,33.3062319,-87.0241656,29,POINT(-87.0241656 33.3062319)
7de94ebb-026f-3752-9485-d7b7f82ea179,b2a9ebcf-eab9-3c5a-ad30-8915b9581987,Devona405 Hackett68,F,GENERAL PRACTICE,2010 MEDICAL CENTER DRIVE,BAY MINETTE,AL,365074163,30.8759255,-87.77662115703666,1,POINT(-87.77662115703666 30.8759255)
1749950c-6d8f-3ae7-af08-9c99db332ead,8b2ccd67-23c7-3c41-b22a-278fcaeec85b,Pat3 Bradtke547,M,GENERAL PRACTICE,11 CAMBRIDGE DRIVE,WETUMPKA,AL,360931261,32.5437448,-86.2119127,5,POINT(-86.2119127 32.5437448)
c96d6f50-ab6e-3f36-9564-62cb602067c1,7148a046-835d-3901-9ca1-04577bd9dbd2,Kandis954 Doyle959,F,GENERAL PRACTICE,729 BATTLE ST E,TALLADEGA,AL,351602445,33.43798625510204,-86.08647267346939,37,POINT(-86.08647267346939 33.43798625510204)
97a968ba-5510-3531-86c4-5b48cdf0939a,a69c9aa7-26e6-3ff6-9356-d28dae9e1363,Justin359 Hayes766,M,GENERAL PRACTICE,1812 E MAIN ST,DOTHAN,AL,363032151,31.21834214111208,-85.36461012539975,31,POINT(-85.36461012539975 31.21834214111208)
8dad88a1-94ef-340f-8e73-bf6b66b0b612,61580f60-f3aa-37d6-9a5e-0516ca422cad,Cristi782 Leannon79,F,GENERAL PRACTICE,1600 CARRAWAY BLVD,BIRMINGHAM,AL,352341913,33.536346,-86.809722,297,POINT(-86.809722 33.536346)
81d50071-427d-3201-bc7d-a1dc8d289acd,9795debf-eee6-3826-8c7d-c226fea4e71f,Titus37 Wilkinson796,M,GENERAL PRACTICE,700 AIRPORT RD SW STE F,HUNTSVILLE,AL,358024360,34.691285,-86.572705,36,POINT(-86.572705 34.691285)
fadd4a5e-1a58-3834-9c09-4857932ee27a,0cd31905-1338-37bf-92db-5ba0f0cd5e53,Zachery872 Dicki44,M,GENERAL PRACTICE,1210 7TH ST S,CLANTON,AL,350453724,32.82246468441221,-86.61598670481422,1,POINT(-86.61598670481422 32.82246468441221)
21d4c1b2-c14e-3463-bcae-cd9fbe833fe5,7209b9c9-f200-3732-9899-2196feb7d200,Chadwick722 Howe413,M,GENERAL PRACTICE,1424 MONTCLAIR ROAD,IRONDALE,AL,352102208,33.529387,-86.712694,6,POINT(-86.712694 33.529387)
a9e3bbdd-cde2-3397-b000-a4a1d349f524,667b8693-704e-3bbc-8852-db5d2de1f128,Glynis780 Streich926,F,GENERAL PRACTICE,1215 7TH STREET SE,DECATUR,AL,356013304,34.5911215592312,-86.97244706191098,59,POINT(-86.97244706191098 34.5911215592312)
